TotalTime(ms),Flag,EE1,EE2,EE3,EE4,EE5,EE6,EE7,EE8,minEE,Fair index,Loopcount,SF1,TP1,PRR1,InstantPRR1,Received1,TotalTime1,TotalPower1,InstantEE1,ExisTP1,IncreGain1,SF2,TP2,PRR2,InstantPRR2,Received2,TotalTime2,TotalPower2,InstantEE2,ExisTP2,IncreGain2,SF3,TP3,PRR3,InstantPRR3,Received3,TotalTime3,TotalPower3,InstantEE3,ExisTP3,IncreGain3,SF4,TP4,PRR4,InstantPRR4,Received4,TotalTime4,TotalPower4,InstantEE4,ExisTP4,IncreGain4,SF5,TP5,PRR5,InstantPRR5,Received5,TotalTime5,TotalPower5,InstantEE5,ExisTP5,IncreGain5,SF6,TP6,PRR6,InstantPRR6,Received6,TotalTime6,TotalPower6,InstantEE6,ExisTP6,IncreGain6,SF7,TP7,PRR7,InstantPRR7,Received7,TotalTime7,TotalPower7,InstantEE7,ExisTP7,IncreGain7,SF8,TP8,PRR8,InstantPRR8,Received8,TotalTime8,TotalPower8,InstantEE8,ExisTP8,IncreGain8,time
55301,0,1.779752,0.000000,0.000000,0.000000,0.000000,0.000000,0.000000,0.000000,1.779752,NaN,32.000000,9.000000,4.000000,0.999720,1.000000,1344.000000,0.000000,0.000000,0.000000,0.000000,0.000000,0.000000,0.000000,0.000000,0.000000,1120.000000,0.000000,0.000000,0.000000,0.000000,0.000000,0.000000,0.000000,0.000000,0.000000,1120.000000,0.000000,0.000000,0.000000,0.000000,0.000000,0.000000,0.000000,0.000000,0.000000,1120.000000,0.000000,0.000000,0.000000,0.000000,0.000000,0.000000,0.000000,0.000000,0.000000,0.000000,0.000000,0.000000,0.000000,0.000000,0.000000,0.000000,0.000000,0.000000,0.000000,0.000000,0.000000,0.000000,0.000000,0.000000,0.000000,0.000000,0.000000,0.000000,0.000000,0.000000,0.000000,0.000000,0.000000,0.000000,0.000000,0.000000,0.000000,0.000000,0.000000,0.000000,0.000000,0.000000,0.000000,0.000000,0.000000,2022-12-10T14:33:25Z
56310,1,1.779752,2.124534,0.000000,0.000000,0.000000,0.000000,0.000000,0.000000,1.779752,NaN,32.000000,9.000000,4.000000,0.999720,1.000000,1344.000000,0.000000,0.000000,0.000000,0.000000,0.000000,8.000000,2.000000,0.994767,1.000000,1344.000000,0.000000,0.000000,0.000000,0.000000,0.000000,0.000000,0.000000,0.000000,0.000000,1120.000000,0.000000,0.000000,0.000000,0.000000,0.000000,0.000000,0.000000,0.000000,0.000000,1120.000000,0.000000,0.000000,0.000000,0.000000,0.000000,0.000000,0.000000,0.000000,0.000000,0.000000,0.000000,0.000000,0.000000,0.000000,0.000000,0.000000,0.000000,0.000000,0.000000,0.000000,0.000000,0.000000,0.000000,0.000000,0.000000,0.000000,0.000000,0.000000,0.000000,0.000000,0.000000,0.000000,0.000000,0.000000,0.000000,0.000000,0.000000,0.000000,0.000000,0.000000,0.000000,0.000000,0.000000,0.000000,0.000000,2022-12-10T14:33:26Z
57314,2,1.779752,2.124534,1.663965,0.000000,0.000000,0.000000,0.000000,0.000000,1.663965,NaN,32.000000,9.000000,4.000000,0.999720,1.000000,1344.000000,0.000000,0.000000,0.000000,0.000000,0.000000,8.000000,2.000000,0.994767,1.000000,1344.000000,0.000000,0.000000,0.000000,0.000000,0.000000,9.000000,6.000000,0.790108,1.000000,1344.000000,0.000000,0.000000,0.000000,0.000000,0.000000,0.000000,0.000000,0.000000,0.000000,1120.000000,0.000000,0.000000,0.000000,0.000000,0.000000,0.000000,0.000000,0.000000,0.000000,0.000000,0.000000,0.000000,0.000000,0.000000,0.000000,0.000000,0.000000,0.000000,0.000000,0.000000,0.000000,0.000000,0.000000,0.000000,0.000000,0.000000,0.000000,0.000000,0.000000,0.000000,0.000000,0.000000,0.000000,0.000000,0.000000,0.000000,0.000000,0.000000,0.000000,0.000000,0.000000,0.000000,0.000000,0.000000,0.000000,2022-12-10T14:33:27Z
58322,3,1.779752,2.124534,1.663965,2.781799,0.000000,0.000000,0.000000,0.000000,1.663965,NaN,32.000000,9.000000,4.000000,0.999720,1.000000,1344.000000,0.000000,0.000000,0.000000,0.000000,0.000000,8.000000,2.000000,0.994767,1.000000,1344.000000,0.000000,0.000000,0.000000,0.000000,0.000000,9.000000,6.000000,0.790108,1.000000,1344.000000,0.000000,0.000000,0.000000,0.000000,0.000000,8.000000,3.000000,0.924021,1.000000,1344.000000,0.000000,0.000000,0.000000,0.000000,0.000000,0.000000,0.000000,0.000000,0.000000,0.000000,0.000000,0.000000,0.000000,0.000000,0.000000,0.000000,0.000000,0.000000,0.000000,0.000000,0.000000,0.000000,0.000000,0.000000,0.000000,0.000000,0.000000,0.000000,0.000000,0.000000,0.000000,0.000000,0.000000,0.000000,0.000000,0.000000,0.000000,0.000000,0.000000,0.000000,0.000000,0.000000,0.000000,0.000000,0.000000,2022-12-10T14:33:28Z
115476,0,2.523665,2.124534,1.663965,2.781799,0.000000,0.000000,0.000000,0.000000,1.663965,0.966588,32.000000,8.000000,3.000000,0.838278,1.000000,2688.000000,1.357824,754.950144,1.780250,4.000000,-4.900000,8.000000,2.000000,0.994767,1.000000,2464.000000,0.616960,524.416000,2.135709,0.000000,-2.500000,9.000000,6.000000,0.790108,1.000000,2464.000000,1.131520,531.814400,2.105998,0.000000,-7.300000,8.000000,3.000000,0.924021,1.000000,2464.000000,0.616960,372.026880,3.010535,0.000000,-3.700000,0.000000,0.000000,0.000000,0.000000,0.000000,0.000000,0.000000,0.000000,0.000000,0.000000,0.000000,0.000000,0.000000,0.000000,0.000000,0.000000,0.000000,0.000000,0.000000,0.000000,0.000000,0.000000,0.000000,0.000000,0.000000,0.000000,0.000000,0.000000,0.000000,0.000000,0.000000,0.000000,0.000000,0.000000,0.000000,0.000000,0.000000,0.000000,0.000000,0.000000,2022-12-10T14:34:25Z
116493,1,2.523665,2.359790,1.663965,2.781799,0.000000,0.000000,0.000000,0.000000,1.663965,0.969432,32.000000,8.000000,3.000000,0.838278,1.000000,2688.000000,1.357824,754.950144,1.780250,4.000000,-4.900000,8.000000,3.000000,0.783844,1.000000,2688.000000,0.740352,629.299200,2.135709,2.000000,-2.500000,9.000000,6.000000,0.790108,1.000000,2464.000000,1.131520,531.814400,2.105998,0.000000,-7.300000,8.000000,3.000000,0.924021,1.000000,2464.000000,0.616960,372.026880,3.010535,0.000000,-3.700000,0.000000,0.000000,0.000000,0.000000,0.000000,0.000000,0.000000,0.000000,0.000000,0.000000,0.000000,0.000000,0.000000,0.000000,0.000000,0.000000,0.000000,0.000000,0.000000,0.000000,0.000000,0.000000,0.000000,0.000000,0.000000,0.000000,0.000000,0.000000,0.000000,0.000000,0.000000,0.000000,0.000000,0.000000,0.000000,0.000000,0.000000,0.000000,0.000000,0.000000,2022-12-10T14:34:26Z
117487,2,2.523665,2.359790,1.503863,2.781799,0.000000,0.000000,0.000000,0.000000,1.503863,0.958093,32.000000,8.000000,3.000000,0.838278,1.000000,2688.000000,1.357824,754.950144,1.780250,4.000000,-4.900000,8.000000,3.000000,0.783844,1.000000,2688.000000,0.740352,629.299200,2.135709,2.000000,-2.500000,9.000000,6.000000,0.714086,1.000000,2688.000000,1.357824,638.177280,2.105998,6.000000,-7.300000,8.000000,3.000000,0.924021,1.000000,2464.000000,0.616960,372.026880,3.010535,0.000000,-3.700000,0.000000,0.000000,0.000000,0.000000,0.000000,0.000000,0.000000,0.000000,0.000000,0.000000,0.000000,0.000000,0.000000,0.000000,0.000000,0.000000,0.000000,0.000000,0.000000,0.000000,0.000000,0.000000,0.000000,0.000000,0.000000,0.000000,0.000000,0.000000,0.000000,0.000000,0.000000,0.000000,0.000000,0.000000,0.000000,0.000000,0.000000,0.000000,0.000000,0.000000,2022-12-10T14:34:27Z
118504,3,2.523665,2.359790,1.503863,2.367890,0.000000,0.000000,0.000000,0.000000,1.503863,0.967556,32.000000,8.000000,3.000000,0.838278,1.000000,2688.000000,1.357824,754.950144,1.780250,4.000000,-4.900000,8.000000,3.000000,0.783844,1.000000,2688.000000,0.740352,629.299200,2.135709,2.000000,-2.500000,9.000000,6.000000,0.714086,1.000000,2688.000000,1.357824,638.177280,2.105998,6.000000,-7.300000,8.000000,3.000000,0.786535,1.000000,2688.000000,0.740352,446.432256,3.010535,3.000000,-3.700000,0.000000,0.000000,0.000000,0.000000,0.000000,0.000000,0.000000,0.000000,0.000000,0.000000,0.000000,0.000000,0.000000,0.000000,0.000000,0.000000,0.000000,0.000000,0.000000,0.000000,0.000000,0.000000,0.000000,0.000000,0.000000,0.000000,0.000000,0.000000,0.000000,0.000000,0.000000,0.000000,0.000000,0.000000,0.000000,0.000000,0.000000,0.000000,0.000000,0.000000,2022-12-10T14:34:28Z
175762,0,2.380632,2.359790,1.503863,2.367890,0.000000,0.000000,0.000000,0.000000,1.503863,0.970576,32.000000,8.000000,3.000000,0.790767,1.000000,4032.000000,2.098176,1201.382400,2.237422,3.000000,-3.700000,8.000000,3.000000,0.783844,1.000000,3808.000000,1.357312,1001.326080,2.460737,2.000000,-3.700000,9.000000,6.000000,0.714086,1.000000,3808.000000,2.489344,1169.991680,2.105998,6.000000,-7.300000,8.000000,3.000000,0.786535,1.000000,3808.000000,1.357312,818.459136,3.010535,3.000000,-3.700000,0.000000,0.000000,0.000000,0.000000,0.000000,0.000000,0.000000,0.000000,0.000000,0.000000,0.000000,0.000000,0.000000,0.000000,0.000000,0.000000,0.000000,0.000000,0.000000,0.000000,0.000000,0.000000,0.000000,0.000000,0.000000,0.000000,0.000000,0.000000,0.000000,0.000000,0.000000,0.000000,0.000000,0.000000,0.000000,0.000000,0.000000,0.000000,0.000000,0.000000,2022-12-10T14:35:25Z
176770,1,2.380632,2.440900,1.503863,2.367890,0.000000,0.000000,0.000000,0.000000,1.503863,0.969190,32.000000,8.000000,3.000000,0.790767,1.000000,4032.000000,2.098176,1201.382400,2.237422,3.000000,-3.700000,8.000000,3.000000,0.810786,1.000000,4032.000000,1.480704,1075.731456,2.498765,3.000000,-3.700000,9.000000,6.000000,0.714086,1.000000,3808.000000,2.489344,1169.991680,2.105998,6.000000,-7.300000,8.000000,3.000000,0.786535,1.000000,3808.000000,1.357312,818.459136,3.010535,3.000000,-3.700000,0.000000,0.000000,0.000000,0.000000,0.000000,0.000000,0.000000,0.000000,0.000000,0.000000,0.000000,0.000000,0.000000,0.000000,0.000000,0.000000,0.000000,0.000000,0.000000,0.000000,0.000000,0.000000,0.000000,0.000000,0.000000,0.000000,0.000000,0.000000,0.000000,0.000000,0.000000,0.000000,0.000000,0.000000,0.000000,0.000000,0.000000,0.000000,0.000000,0.000000,2022-12-10T14:35:26Z
177782,2,2.380632,2.440900,1.023228,2.367890,0.000000,0.000000,0.000000,0.000000,1.023228,0.922459,32.000000,8.000000,3.000000,0.790767,1.000000,4032.000000,2.098176,1201.382400,2.237422,3.000000,-3.700000,8.000000,3.000000,0.810786,1.000000,4032.000000,1.480704,1075.731456,2.498765,3.000000,-3.700000,9.000000,6.000000,0.485864,1.000000,4032.000000,2.715648,1276.354560,2.105998,6.000000,-7.300000,8.000000,3.000000,0.786535,1.000000,3808.000000,1.357312,818.459136,3.010535,3.000000,-3.700000,0.000000,0.000000,0.000000,0.000000,0.000000,0.000000,0.000000,0.000000,0.000000,0.000000,0.000000,0.000000,0.000000,0.000000,0.000000,0.000000,0.000000,0.000000,0.000000,0.000000,0.000000,0.000000,0.000000,0.000000,0.000000,0.000000,0.000000,0.000000,0.000000,0.000000,0.000000,0.000000,0.000000,0.000000,0.000000,0.000000,0.000000,0.000000,0.000000,0.000000,2022-12-10T14:35:27Z
178784,3,2.380632,2.440900,1.023228,2.317806,0.000000,0.000000,0.000000,0.000000,1.023228,0.923093,32.000000,8.000000,3.000000,0.790767,1.000000,4032.000000,2.098176,1201.382400,2.237422,3.000000,-3.700000,8.000000,3.000000,0.810786,1.000000,4032.000000,1.480704,1075.731456,2.498765,3.000000,-3.700000,9.000000,6.000000,0.485864,1.000000,4032.000000,2.715648,1276.354560,2.105998,6.000000,-7.300000,8.000000,3.000000,0.769898,1.000000,4032.000000,1.480704,892.864512,3.010535,3.000000,-3.700000,0.000000,0.000000,0.000000,0.000000,0.000000,0.000000,0.000000,0.000000,0.000000,0.000000,0.000000,0.000000,0.000000,0.000000,0.000000,0.000000,0.000000,0.000000,0.000000,0.000000,0.000000,0.000000,0.000000,0.000000,0.000000,0.000000,0.000000,0.000000,0.000000,0.000000,0.000000,0.000000,0.000000,0.000000,0.000000,0.000000,0.000000,0.000000,0.000000,0.000000,2022-12-10T14:35:28Z
236025,0,3.017744,2.440900,1.023228,2.317806,0.000000,0.000000,0.000000,0.000000,1.023228,0.901070,32.000000,7.000000,1.000000,0.811935,1.000000,5376.000000,2.838528,1647.814656,2.446877,3.000000,-3.700000,8.000000,3.000000,0.810786,1.000000,5152.000000,2.097664,1447.758336,2.630273,3.000000,-3.700000,9.000000,6.000000,0.485864,1.000000,5152.000000,3.847168,1808.168960,2.105998,6.000000,-7.300000,8.000000,3.000000,0.769898,1.000000,5152.000000,2.097664,1264.891392,3.010535,3.000000,-3.700000,0.000000,0.000000,0.000000,0.000000,0.000000,0.000000,0.000000,0.000000,0.000000,0.000000,0.000000,0.000000,0.000000,0.000000,0.000000,0.000000,0.000000,0.000000,0.000000,0.000000,0.000000,0.000000,0.000000,0.000000,0.000000,0.000000,0.000000,0.000000,0.000000,0.000000,0.000000,0.000000,0.000000,0.000000,0.000000,0.000000,0.000000,0.000000,0.000000,0.000000,2022-12-10T14:36:25Z
237028,1,3.017744,2.454406,1.023228,2.317806,0.000000,0.000000,0.000000,0.000000,1.023228,0.901065,32.000000,7.000000,1.000000,0.811935,1.000000,5376.000000,2.838528,1647.814656,2.446877,3.000000,-3.700000,8.000000,3.000000,0.815272,1.000000,5376.000000,2.221056,1522.163712,2.648861,3.000000,-3.700000,9.000000,6.000000,0.485864,1.000000,5152.000000,3.847168,1808.168960,2.105998,6.000000,-7.300000,8.000000,3.000000,0.769898,1.000000,5152.000000,2.097664,1264.891392,3.010535,3.000000,-3.700000,0.000000,0.000000,0.000000,0.000000,0.000000,0.000000,0.000000,0.000000,0.000000,0.000000,0.000000,0.000000,0.000000,0.000000,0.000000,0.000000,0.000000,0.000000,0.000000,0.000000,0.000000,0.000000,0.000000,0.000000,0.000000,0.000000,0.000000,0.000000,0.000000,0.000000,0.000000,0.000000,0.000000,0.000000,0.000000,0.000000,0.000000,0.000000,0.000000,0.000000,2022-12-10T14:36:26Z
238027,2,3.017744,2.454406,1.088308,2.317806,0.000000,0.000000,0.000000,0.000000,1.088308,0.908628,32.000000,7.000000,1.000000,0.811935,1.000000,5376.000000,2.838528,1647.814656,2.446877,3.000000,-3.700000,8.000000,3.000000,0.815272,1.000000,5376.000000,2.221056,1522.163712,2.648861,3.000000,-3.700000,10.000000,5.000000,1.000000,1.000000,5376.000000,4.073472,1914.531840,2.105998,6.000000,-7.300000,8.000000,3.000000,0.769898,1.000000,5152.000000,2.097664,1264.891392,3.010535,3.000000,-3.700000,0.000000,0.000000,0.000000,0.000000,0.000000,0.000000,0.000000,0.000000,0.000000,0.000000,0.000000,0.000000,0.000000,0.000000,0.000000,0.000000,0.000000,0.000000,0.000000,0.000000,0.000000,0.000000,0.000000,0.000000,0.000000,0.000000,0.000000,0.000000,0.000000,0.000000,0.000000,0.000000,0.000000,0.000000,0.000000,0.000000,0.000000,0.000000,0.000000,0.000000,2022-12-10T14:36:27Z
239038,3,3.017744,2.454406,1.088308,3.251518,0.000000,0.000000,0.000000,0.000000,1.088308,0.895158,32.000000,7.000000,1.000000,0.811935,1.000000,5376.000000,2.838528,1647.814656,2.446877,3.000000,-3.700000,8.000000,3.000000,0.815272,1.000000,5376.000000,2.221056,1522.163712,2.648861,3.000000,-3.700000,10.000000,5.000000,1.000000,1.000000,5376.000000,4.073472,1914.531840,2.105998,6.000000,-7.300000,7.000000,1.000000,0.874833,1.000000,5376.000000,2.221056,1339.296768,3.010535,3.000000,-3.700000,0.000000,0.000000,0.000000,0.000000,0.000000,0.000000,0.000000,0.000000,0.000000,0.000000,0.000000,0.000000,0.000000,0.000000,0.000000,0.000000,0.000000,0.000000,0.000000,0.000000,0.000000,0.000000,0.000000,0.000000,0.000000,0.000000,0.000000,0.000000,0.000000,0.000000,0.000000,0.000000,0.000000,0.000000,0.000000,0.000000,0.000000,0.000000,0.000000,0.000000,2022-12-10T14:36:28Z
296254,0,2.409862,2.454406,1.088308,3.251518,0.000000,0.000000,0.000000,0.000000,1.088308,0.897852,32.000000,7.000000,1.000000,0.648382,1.000000,6720.000000,3.239424,2009.422848,2.675395,1.000000,-1.200000,8.000000,3.000000,0.815272,1.000000,6496.000000,2.838016,1894.190592,2.719895,3.000000,-3.700000,10.000000,5.000000,1.000000,1.000000,6496.000000,6.131712,2943.651840,1.750207,6.000000,-6.100000,7.000000,1.000000,0.874833,1.000000,6496.000000,2.555136,1640.636928,3.140244,3.000000,-1.200000,0.000000,0.000000,0.000000,0.000000,0.000000,0.000000,0.000000,0.000000,0.000000,0.000000,0.000000,0.000000,0.000000,0.000000,0.000000,0.000000,0.000000,0.000000,0.000000,0.000000,0.000000,0.000000,0.000000,0.000000,0.000000,0.000000,0.000000,0.000000,0.000000,0.000000,0.000000,0.000000,0.000000,0.000000,0.000000,0.000000,0.000000,0.000000,0.000000,0.000000,2022-12-10T14:37:26Z
297256,1,2.409862,2.983316,1.088308,3.251518,0.000000,0.000000,0.000000,0.000000,1.088308,0.894895,32.000000,7.000000,1.000000,0.648382,1.000000,6720.000000,3.239424,2009.422848,2.675395,1.000000,-1.200000,7.000000,1.000000,0.802672,1.000000,6720.000000,2.961408,1968.595968,2.730880,3.000000,-3.700000,10.000000,5.000000,1.000000,1.000000,6496.000000,6.131712,2943.651840,1.750207,6.000000,-6.100000,7.000000,1.000000,0.874833,1.000000,6496.000000,2.555136,1640.636928,3.140244,3.000000,-1.200000,0.000000,0.000000,0.000000,0.000000,0.000000,0.000000,0.000000,0.000000,0.000000,0.000000,0.000000,0.000000,0.000000,0.000000,0.000000,0.000000,0.000000,0.000000,0.000000,0.000000,0.000000,0.000000,0.000000,0.000000,0.000000,0.000000,0.000000,0.000000,0.000000,0.000000,0.000000,0.000000,0.000000,0.000000,0.000000,0.000000,0.000000,0.000000,0.000000,0.000000,2022-12-10T14:37:27Z
298267,2,2.409862,2.983316,1.081127,3.251518,0.000000,0.000000,0.000000,0.000000,1.081127,0.894101,32.000000,7.000000,1.000000,0.648382,1.000000,6720.000000,3.239424,2009.422848,2.675395,1.000000,-1.200000,7.000000,1.000000,0.802672,1.000000,6720.000000,2.961408,1968.595968,2.730880,3.000000,-3.700000,10.000000,5.000000,0.993401,1.000000,6720.000000,6.543360,3149.475840,1.706951,5.000000,-6.100000,7.000000,1.000000,0.874833,1.000000,6496.000000,2.555136,1640.636928,3.140244,3.000000,-1.200000,0.000000,0.000000,0.000000,0.000000,0.000000,0.000000,0.000000,0.000000,0.000000,0.000000,0.000000,0.000000,0.000000,0.000000,0.000000,0.000000,0.000000,0.000000,0.000000,0.000000,0.000000,0.000000,0.000000,0.000000,0.000000,0.000000,0.000000,0.000000,0.000000,0.000000,0.000000,0.000000,0.000000,0.000000,0.000000,0.000000,0.000000,0.000000,0.000000,0.000000,2022-12-10T14:37:28Z
299271,3,2.409862,2.983316,1.081127,3.163149,0.000000,0.000000,0.000000,0.000000,1.081127,0.897155,32.000000,7.000000,1.000000,0.648382,1.000000,6720.000000,3.239424,2009.422848,2.675395,1.000000,-1.200000,7.000000,1.000000,0.802672,1.000000,6720.000000,2.961408,1968.595968,2.730880,3.000000,-3.700000,10.000000,5.000000,0.993401,1.000000,6720.000000,6.543360,3149.475840,1.706951,5.000000,-6.100000,7.000000,1.000000,0.851057,1.000000,6720.000000,2.621952,1700.904960,3.160670,1.000000,-1.200000,0.000000,0.000000,0.000000,0.000000,0.000000,0.000000,0.000000,0.000000,0.000000,0.000000,0.000000,0.000000,0.000000,0.000000,0.000000,0.000000,0.000000,0.000000,0.000000,0.000000,0.000000,0.000000,0.000000,0.000000,0.000000,0.000000,0.000000,0.000000,0.000000,0.000000,0.000000,0.000000,0.000000,0.000000,0.000000,0.000000,0.000000,0.000000,0.000000,0.000000,2022-12-10T14:37:29Z
356490,0,3.165944,2.983316,1.081127,3.163149,0.000000,0.000000,0.000000,0.000000,1.081127,0.897290,32.000000,7.000000,1.000000,0.851809,1.000000,8064.000000,3.640320,2371.031040,2.834210,1.000000,-1.200000,7.000000,1.000000,0.802672,1.000000,7840.000000,3.295488,2269.936128,2.861755,3.000000,-1.200000,10.000000,5.000000,0.993401,1.000000,7840.000000,8.601600,4178.595840,1.554589,5.000000,-6.100000,7.000000,1.000000,0.851057,1.000000,7840.000000,2.956032,2002.245120,3.244358,1.000000,-1.200000,0.000000,0.000000,0.000000,0.000000,0.000000,0.000000,0.000000,0.000000,0.000000,0.000000,0.000000,0.000000,0.000000,0.000000,0.000000,0.000000,0.000000,0.000000,0.000000,0.000000,0.000000,0.000000,0.000000,0.000000,0.000000,0.000000,0.000000,0.000000,0.000000,0.000000,0.000000,0.000000,0.000000,0.000000,0.000000,0.000000,0.000000,0.000000,0.000000,0.000000,2022-12-10T14:38:26Z
357506,1,3.165944,2.766148,1.081127,3.163149,0.000000,0.000000,0.000000,0.000000,1.081127,0.897414,32.000000,7.000000,1.000000,0.851809,1.000000,8064.000000,3.640320,2371.031040,2.834210,1.000000,-1.200000,7.000000,0.000000,0.939792,1.000000,8064.000000,3.362304,2330.204160,2.883867,1.000000,-1.200000,10.000000,5.000000,0.993401,1.000000,7840.000000,8.601600,4178.595840,1.554589,5.000000,-6.100000,7.000000,1.000000,0.851057,1.000000,7840.000000,2.956032,2002.245120,3.244358,1.000000,-1.200000,0.000000,0.000000,0.000000,0.000000,0.000000,0.000000,0.000000,0.000000,0.000000,0.000000,0.000000,0.000000,0.000000,0.000000,0.000000,0.000000,0.000000,0.000000,0.000000,0.000000,0.000000,0.000000,0.000000,0.000000,0.000000,0.000000,0.000000,0.000000,0.000000,0.000000,0.000000,0.000000,0.000000,0.000000,0.000000,0.000000,0.000000,0.000000,0.000000,0.000000,2022-12-10T14:38:27Z
358509,2,3.165944,2.766148,2.790108,3.163149,0.000000,0.000000,0.000000,0.000000,2.766148,0.995781,32.000000,7.000000,1.000000,0.851809,1.000000,8064.000000,3.640320,2371.031040,2.834210,1.000000,-1.200000,7.000000,0.000000,0.939792,1.000000,8064.000000,3.362304,2330.204160,2.883867,1.000000,-1.200000,8.000000,3.000000,0.926781,1.000000,8064.000000,9.013248,4384.419840,1.532700,5.000000,-6.100000,7.000000,1.000000,0.851057,1.000000,7840.000000,2.956032,2002.245120,3.244358,1.000000,-1.200000,0.000000,0.000000,0.000000,0.000000,0.000000,0.000000,0.000000,0.000000,0.000000,0.000000,0.000000,0.000000,0.000000,0.000000,0.000000,0.000000,0.000000,0.000000,0.000000,0.000000,0.000000,0.000000,0.000000,0.000000,0.000000,0.000000,0.000000,0.000000,0.000000,0.000000,0.000000,0.000000,0.000000,0.000000,0.000000,0.000000,0.000000,0.000000,0.000000,0.000000,2022-12-10T14:38:28Z
359529,3,3.165944,2.766148,2.790108,2.821260,0.000000,0.000000,0.000000,0.000000,2.766148,0.996825,32.000000,7.000000,1.000000,0.851809,1.000000,8064.000000,3.640320,2371.031040,2.834210,1.000000,-1.200000,7.000000,0.000000,0.939792,1.000000,8064.000000,3.362304,2330.204160,2.883867,1.000000,-1.200000,8.000000,3.000000,0.926781,1.000000,8064.000000,9.013248,4384.419840,1.532700,5.000000,-6.100000,7.000000,1.000000,0.759071,1.000000,8064.000000,3.022848,2062.513152,3.258161,1.000000,-1.200000,0.000000,0.000000,0.000000,0.000000,0.000000,0.000000,0.000000,0.000000,0.000000,0.000000,0.000000,0.000000,0.000000,0.000000,0.000000,0.000000,0.000000,0.000000,0.000000,0.000000,0.000000,0.000000,0.000000,0.000000,0.000000,0.000000,0.000000,0.000000,0.000000,0.000000,0.000000,0.000000,0.000000,0.000000,0.000000,0.000000,0.000000,0.000000,0.000000,0.000000,2022-12-10T14:38:29Z
416773,0,2.782769,2.766148,2.790108,2.821260,0.000000,0.000000,0.000000,0.000000,2.766148,0.999949,32.000000,7.000000,0.000000,0.945439,1.000000,9408.000000,4.041216,2732.639232,2.950993,1.000000,-1.200000,7.000000,0.000000,0.939792,1.000000,9184.000000,3.696384,2710.721280,2.892219,1.000000,-0.000000,8.000000,3.000000,0.926781,1.000000,9184.000000,9.630208,4756.446720,1.648289,5.000000,-3.700000,7.000000,1.000000,0.759071,1.000000,9184.000000,3.356928,2363.853312,3.316619,1.000000,-1.200000,0.000000,0.000000,0.000000,0.000000,0.000000,0.000000,0.000000,0.000000,0.000000,0.000000,0.000000,0.000000,0.000000,0.000000,0.000000,0.000000,0.000000,0.000000,0.000000,0.000000,0.000000,0.000000,0.000000,0.000000,0.000000,0.000000,0.000000,0.000000,0.000000,0.000000,0.000000,0.000000,0.000000,0.000000,0.000000,0.000000,0.000000,0.000000,0.000000,0.000000,2022-12-10T14:39:26Z
417782,1,2.782769,2.781951,2.790108,2.821260,0.000000,0.000000,0.000000,0.000000,2.781951,0.999967,32.000000,7.000000,0.000000,0.945439,1.000000,9408.000000,4.041216,2732.639232,2.950993,1.000000,-1.200000,7.000000,0.000000,0.945161,1.000000,9408.000000,3.763200,2786.824704,2.893616,0.000000,-0.000000,8.000000,3.000000,0.926781,1.000000,9184.000000,9.630208,4756.446720,1.648289,5.000000,-3.700000,7.000000,1.000000,0.759071,1.000000,9184.000000,3.356928,2363.853312,3.316619,1.000000,-1.200000,0.000000,0.000000,0.000000,0.000000,0.000000,0.000000,0.000000,0.000000,0.000000,0.000000,0.000000,0.000000,0.000000,0.000000,0.000000,0.000000,0.000000,0.000000,0.000000,0.000000,0.000000,0.000000,0.000000,0.000000,0.000000,0.000000,0.000000,0.000000,0.000000,0.000000,0.000000,0.000000,0.000000,0.000000,0.000000,0.000000,0.000000,0.000000,0.000000,0.000000,2022-12-10T14:39:27Z
418795,2,2.782769,2.781951,3.078906,2.821260,0.000000,0.000000,0.000000,0.000000,2.781951,0.998137,32.000000,7.000000,0.000000,0.945439,1.000000,9408.000000,4.041216,2732.639232,2.950993,1.000000,-1.200000,7.000000,0.000000,0.945161,1.000000,9408.000000,3.763200,2786.824704,2.893616,0.000000,-0.000000,7.000000,1.000000,0.828391,1.000000,9408.000000,9.753600,4830.852096,1.669271,3.000000,-3.700000,7.000000,1.000000,0.759071,1.000000,9184.000000,3.356928,2363.853312,3.316619,1.000000,-1.200000,0.000000,0.000000,0.000000,0.000000,0.000000,0.000000,0.000000,0.000000,0.000000,0.000000,0.000000,0.000000,0.000000,0.000000,0.000000,0.000000,0.000000,0.000000,0.000000,0.000000,0.000000,0.000000,0.000000,0.000000,0.000000,0.000000,0.000000,0.000000,0.000000,0.000000,0.000000,0.000000,0.000000,0.000000,0.000000,0.000000,0.000000,0.000000,0.000000,0.000000,2022-12-10T14:39:28Z
419807,3,2.782769,2.781951,3.078906,2.724007,0.000000,0.000000,0.000000,0.000000,2.724007,0.997617,32.000000,7.000000,0.000000,0.945439,1.000000,9408.000000,4.041216,2732.639232,2.950993,1.000000,-1.200000,7.000000,0.000000,0.945161,1.000000,9408.000000,3.763200,2786.824704,2.893616,0.000000,-0.000000,7.000000,1.000000,0.828391,1.000000,9408.000000,9.753600,4830.852096,1.669271,3.000000,-3.700000,7.000000,1.000000,0.732904,1.000000,9408.000000,3.423744,2424.121344,3.326566,1.000000,-1.200000,0.000000,0.000000,0.000000,0.000000,0.000000,0.000000,0.000000,0.000000,0.000000,0.000000,0.000000,0.000000,0.000000,0.000000,0.000000,0.000000,0.000000,0.000000,0.000000,0.000000,0.000000,0.000000,0.000000,0.000000,0.000000,0.000000,0.000000,0.000000,0.000000,0.000000,0.000000,0.000000,0.000000,0.000000,0.000000,0.000000,0.000000,0.000000,0.000000,0.000000,2022-12-10T14:39:29Z
477054,0,2.814456,2.781951,3.078906,2.724007,0.000000,0.000000,0.000000,0.000000,2.724007,0.997722,32.000000,7.000000,0.000000,0.956204,1.000000,10752.000000,4.442112,3189.259776,2.949901,0.000000,-0.000000,7.000000,0.000000,0.945161,1.000000,10528.000000,4.097280,3167.341824,2.899592,0.000000,-0.000000,7.000000,1.000000,0.828391,1.000000,10528.000000,10.087680,5132.192256,1.789489,3.000000,-1.200000,7.000000,1.000000,0.732904,1.000000,10528.000000,3.757824,2725.461504,3.369705,1.000000,-1.200000,0.000000,0.000000,0.000000,0.000000,0.000000,0.000000,0.000000,0.000000,0.000000,0.000000,0.000000,0.000000,0.000000,0.000000,0.000000,0.000000,0.000000,0.000000,0.000000,0.000000,0.000000,0.000000,0.000000,0.000000,0.000000,0.000000,0.000000,0.000000,0.000000,0.000000,0.000000,0.000000,0.000000,0.000000,0.000000,0.000000,0.000000,0.000000,0.000000,0.000000,2022-12-10T14:40:26Z
478058,1,2.814456,2.754184,3.078906,2.724007,0.000000,0.000000,0.000000,0.000000,2.724007,0.997577,32.000000,7.000000,0.000000,0.956204,1.000000,10752.000000,4.442112,3189.259776,2.949901,0.000000,-0.000000,7.000000,0.000000,0.935727,1.000000,10752.000000,4.164096,3243.445248,2.900619,0.000000,-0.000000,7.000000,1.000000,0.828391,1.000000,10528.000000,10.087680,5132.192256,1.789489,3.000000,-1.200000,7.000000,1.000000,0.732904,1.000000,10528.000000,3.757824,2725.461504,3.369705,1.000000,-1.200000,0.000000,0.000000,0.000000,0.000000,0.000000,0.000000,0.000000,0.000000,0.000000,0.000000,0.000000,0.000000,0.000000,0.000000,0.000000,0.000000,0.000000,0.000000,0.000000,0.000000,0.000000,0.000000,0.000000,0.000000,0.000000,0.000000,0.000000,0.000000,0.000000,0.000000,0.000000,0.000000,0.000000,0.000000,0.000000,0.000000,0.000000,0.000000,0.000000,0.000000,2022-12-10T14:40:27Z
479072,2,2.814456,2.754184,3.134037,2.724007,0.000000,0.000000,0.000000,0.000000,2.724007,0.996738,32.000000,7.000000,0.000000,0.956204,1.000000,10752.000000,4.442112,3189.259776,2.949901,0.000000,-0.000000,7.000000,0.000000,0.935727,1.000000,10752.000000,4.164096,3243.445248,2.900619,0.000000,-0.000000,7.000000,1.000000,0.843224,1.000000,10752.000000,10.154496,5192.460288,1.811858,1.000000,-1.200000,7.000000,1.000000,0.732904,1.000000,10528.000000,3.757824,2725.461504,3.369705,1.000000,-1.200000,0.000000,0.000000,0.000000,0.000000,0.000000,0.000000,0.000000,0.000000,0.000000,0.000000,0.000000,0.000000,0.000000,0.000000,0.000000,0.000000,0.000000,0.000000,0.000000,0.000000,0.000000,0.000000,0.000000,0.000000,0.000000,0.000000,0.000000,0.000000,0.000000,0.000000,0.000000,0.000000,0.000000,0.000000,0.000000,0.000000,0.000000,0.000000,0.000000,0.000000,2022-12-10T14:40:28Z
480077,3,2.814456,2.754184,3.134037,2.737070,0.000000,0.000000,0.000000,0.000000,2.737070,0.996847,32.000000,7.000000,0.000000,0.956204,1.000000,10752.000000,4.442112,3189.259776,2.949901,0.000000,-0.000000,7.000000,0.000000,0.935727,1.000000,10752.000000,4.164096,3243.445248,2.900619,0.000000,-0.000000,7.000000,1.000000,0.843224,1.000000,10752.000000,10.154496,5192.460288,1.811858,1.000000,-1.200000,7.000000,1.000000,0.736419,1.000000,10752.000000,3.824640,2785.729536,3.377212,1.000000,-1.200000,0.000000,0.000000,0.000000,0.000000,0.000000,0.000000,0.000000,0.000000,0.000000,0.000000,0.000000,0.000000,0.000000,0.000000,0.000000,0.000000,0.000000,0.000000,0.000000,0.000000,0.000000,0.000000,0.000000,0.000000,0.000000,0.000000,0.000000,0.000000,0.000000,0.000000,0.000000,0.000000,0.000000,0.000000,0.000000,0.000000,0.000000,0.000000,0.000000,0.000000,2022-12-10T14:40:29Z
537300,0,2.719002,2.754184,3.134037,2.737070,0.000000,0.000000,0.000000,0.000000,2.719002,0.996315,32.000000,7.000000,0.000000,0.923774,1.000000,12096.000000,4.843008,3645.880320,2.949082,0.000000,-0.000000,7.000000,0.000000,0.935727,1.000000,11872.000000,4.498176,3623.962368,2.905107,0.000000,-0.000000,7.000000,1.000000,0.843224,1.000000,11872.000000,10.488576,5493.800448,1.916342,1.000000,-1.200000,7.000000,1.000000,0.736419,1.000000,11872.000000,4.158720,3087.069696,3.410354,1.000000,-1.200000,0.000000,0.000000,0.000000,0.000000,0.000000,0.000000,0.000000,0.000000,0.000000,0.000000,0.000000,0.000000,0.000000,0.000000,0.000000,0.000000,0.000000,0.000000,0.000000,0.000000,0.000000,0.000000,0.000000,0.000000,0.000000,0.000000,0.000000,0.000000,0.000000,0.000000,0.000000,0.000000,0.000000,0.000000,0.000000,0.000000,0.000000,0.000000,0.000000,0.000000,2022-12-10T14:41:27Z
538315,1,2.719002,2.775705,3.134037,2.737070,0.000000,0.000000,0.000000,0.000000,2.719002,0.996427,32.000000,7.000000,0.000000,0.923774,1.000000,12096.000000,4.843008,3645.880320,2.949082,0.000000,-0.000000,7.000000,0.000000,0.943039,1.000000,12096.000000,4.564992,3700.065792,2.905894,0.000000,-0.000000,7.000000,1.000000,0.843224,1.000000,11872.000000,10.488576,5493.800448,1.916342,1.000000,-1.200000,7.000000,1.000000,0.736419,1.000000,11872.000000,4.158720,3087.069696,3.410354,1.000000,-1.200000,0.000000,0.000000,0.000000,0.000000,0.000000,0.000000,0.000000,0.000000,0.000000,0.000000,0.000000,0.000000,0.000000,0.000000,0.000000,0.000000,0.000000,0.000000,0.000000,0.000000,0.000000,0.000000,0.000000,0.000000,0.000000,0.000000,0.000000,0.000000,0.000000,0.000000,0.000000,0.000000,0.000000,0.000000,0.000000,0.000000,0.000000,0.000000,0.000000,0.000000,2022-12-10T14:41:28Z
539321,2,2.719002,2.775705,2.815958,2.737070,0.000000,0.000000,0.000000,0.000000,2.719002,0.999818,32.000000,7.000000,0.000000,0.923774,1.000000,12096.000000,4.843008,3645.880320,2.949082,0.000000,-0.000000,7.000000,0.000000,0.943039,1.000000,12096.000000,4.564992,3700.065792,2.905894,0.000000,-0.000000,7.000000,1.000000,0.757644,1.000000,12096.000000,10.555392,5554.068480,1.935878,1.000000,-1.200000,7.000000,1.000000,0.736419,1.000000,11872.000000,4.158720,3087.069696,3.410354,1.000000,-1.200000,0.000000,0.000000,0.000000,0.000000,0.000000,0.000000,0.000000,0.000000,0.000000,0.000000,0.000000,0.000000,0.000000,0.000000,0.000000,0.000000,0.000000,0.000000,0.000000,0.000000,0.000000,0.000000,0.000000,0.000000,0.000000,0.000000,0.000000,0.000000,0.000000,0.000000,0.000000,0.000000,0.000000,0.000000,0.000000,0.000000,0.000000,0.000000,0.000000,0.000000,2022-12-10T14:41:29Z
540334,3,2.719002,2.775705,2.815958,2.822098,0.000000,0.000000,0.000000,0.000000,2.719002,0.999782,32.000000,7.000000,0.000000,0.923774,1.000000,12096.000000,4.843008,3645.880320,2.949082,0.000000,-0.000000,7.000000,0.000000,0.943039,1.000000,12096.000000,4.564992,3700.065792,2.905894,0.000000,-0.000000,7.000000,1.000000,0.757644,1.000000,12096.000000,10.555392,5554.068480,1.935878,1.000000,-1.200000,7.000000,1.000000,0.759296,1.000000,12096.000000,4.225536,3147.337728,3.416221,1.000000,-1.200000,0.000000,0.000000,0.000000,0.000000,0.000000,0.000000,0.000000,0.000000,0.000000,0.000000,0.000000,0.000000,0.000000,0.000000,0.000000,0.000000,0.000000,0.000000,0.000000,0.000000,0.000000,0.000000,0.000000,0.000000,0.000000,0.000000,0.000000,0.000000,0.000000,0.000000,0.000000,0.000000,0.000000,0.000000,0.000000,0.000000,0.000000,0.000000,0.000000,0.000000,2022-12-10T14:41:30Z
597604,0,2.732396,2.775705,2.815958,2.822098,0.000000,0.000000,0.000000,0.000000,2.732396,0.999833,32.000000,7.000000,1.000000,0.735161,1.000000,13440.000000,5.243904,4102.500864,2.948445,0.000000,-0.000000,7.000000,0.000000,0.943039,1.000000,13216.000000,4.899072,4080.582912,2.909388,0.000000,-0.000000,7.000000,1.000000,0.757644,1.000000,13216.000000,10.889472,5855.408640,2.027527,1.000000,-1.200000,7.000000,1.000000,0.759296,1.000000,13216.000000,4.559616,3448.677888,3.442479,1.000000,-1.200000,0.000000,0.000000,0.000000,0.000000,0.000000,0.000000,0.000000,0.000000,0.000000,0.000000,0.000000,0.000000,0.000000,0.000000,0.000000,0.000000,0.000000,0.000000,0.000000,0.000000,0.000000,0.000000,0.000000,0.000000,0.000000,0.000000,0.000000,0.000000,0.000000,0.000000,0.000000,0.000000,0.000000,0.000000,0.000000,0.000000,0.000000,0.000000,0.000000,0.000000,2022-12-10T14:42:27Z
598614,1,2.732396,2.884805,2.815958,2.822098,0.000000,0.000000,0.000000,0.000000,2.732396,0.999629,32.000000,7.000000,1.000000,0.735161,1.000000,13440.000000,5.243904,4102.500864,2.948445,0.000000,-0.000000,7.000000,1.000000,0.776168,1.000000,13440.000000,4.965888,4156.686336,2.910010,0.000000,-0.000000,7.000000,1.000000,0.757644,1.000000,13216.000000,10.889472,5855.408640,2.027527,1.000000,-1.200000,7.000000,1.000000,0.759296,1.000000,13216.000000,4.559616,3448.677888,3.442479,1.000000,-1.200000,0.000000,0.000000,0.000000,0.000000,0.000000,0.000000,0.000000,0.000000,0.000000,0.000000,0.000000,0.000000,0.000000,0.000000,0.000000,0.000000,0.000000,0.000000,0.000000,0.000000,0.000000,0.000000,0.000000,0.000000,0.000000,0.000000,0.000000,0.000000,0.000000,0.000000,0.000000,0.000000,0.000000,0.000000,0.000000,0.000000,0.000000,0.000000,0.000000,0.000000,2022-12-10T14:42:28Z
599615,2,2.732396,2.884805,2.823491,2.822098,0.000000,0.000000,0.000000,0.000000,2.732396,0.999628,32.000000,7.000000,1.000000,0.735161,1.000000,13440.000000,5.243904,4102.500864,2.948445,0.000000,-0.000000,7.000000,1.000000,0.776168,1.000000,13440.000000,4.965888,4156.686336,2.910010,0.000000,-0.000000,7.000000,1.000000,0.759671,1.000000,13440.000000,10.956288,5915.676672,2.044736,1.000000,-1.200000,7.000000,1.000000,0.759296,1.000000,13216.000000,4.559616,3448.677888,3.442479,1.000000,-1.200000,0.000000,0.000000,0.000000,0.000000,0.000000,0.000000,0.000000,0.000000,0.000000,0.000000,0.000000,0.000000,0.000000,0.000000,0.000000,0.000000,0.000000,0.000000,0.000000,0.000000,0.000000,0.000000,0.000000,0.000000,0.000000,0.000000,0.000000,0.000000,0.000000,0.000000,0.000000,0.000000,0.000000,0.000000,0.000000,0.000000,0.000000,0.000000,0.000000,0.000000,2022-12-10T14:42:29Z
600618,3,2.732396,2.884805,2.823491,2.772020,0.000000,0.000000,0.000000,0.000000,2.732396,0.999585,32.000000,7.000000,1.000000,0.735161,1.000000,13440.000000,5.243904,4102.500864,2.948445,0.000000,-0.000000,7.000000,1.000000,0.776168,1.000000,13440.000000,4.965888,4156.686336,2.910010,0.000000,-0.000000,7.000000,1.000000,0.759671,1.000000,13440.000000,10.956288,5915.676672,2.044736,1.000000,-1.200000,7.000000,1.000000,0.745822,1.000000,13440.000000,4.626432,3508.945920,3.447189,1.000000,-1.200000,0.000000,0.000000,0.000000,0.000000,0.000000,0.000000,0.000000,0.000000,0.000000,0.000000,0.000000,0.000000,0.000000,0.000000,0.000000,0.000000,0.000000,0.000000,0.000000,0.000000,0.000000,0.000000,0.000000,0.000000,0.000000,0.000000,0.000000,0.000000,0.000000,0.000000,0.000000,0.000000,0.000000,0.000000,0.000000,0.000000,0.000000,0.000000,0.000000,0.000000,2022-12-10T14:42:30Z
