TotalTime(ms),Flag,EE1,EE2,EE3,EE4,EE5,EE6,EE7,EE8,EE9,EE10,EE11,EE12,minEE,Fair index,Loopcount,SF1,TP1,PRR1,InstantPRR1,InstantEE1,SF2,TP2,PRR2,InstantPRR2,InstantEE2,SF3,TP3,PRR3,InstantPRR3,InstantEE3,SF4,TP4,PRR4,InstantPRR4,InstantEE4,SF5,TP5,PRR5,InstantPRR5,InstantEE5,SF6,TP6,PRR6,InstantPRR6,InstantEE6,SF7,TP7,PRR7,InstantPRR7,InstantEE7,SF8,TP8,PRR8,InstantPRR8,InstantEE8,SF9,TP9,PRR9,InstantPRR9,InstantEE9,SF10,TP10,PRR10,InstantPRR10,InstantEE10,SF11,TP11,PRR11,InstantPRR11,InstantEE11,SF12,TP12,PRR12,InstantPRR12,InstantEE12,time
44361,0,0.815300,0.000000,0.000000,0.000000,0.000000,0.000000,0.000000,0.000000,0.000000,0.000000,0.000000,0.000000,0.815300,NaN,32.000000,10.000000,4.000000,0.998829,1.000000,0.000000,0.000000,0.000000,0.000000,0.000000,0.000000,0.000000,0.000000,0.000000,0.000000,0.000000,0.000000,0.000000,0.000000,0.000000,0.000000,0.000000,0.000000,0.000000,0.000000,0.000000,0.000000,0.000000,0.000000,0.000000,0.000000,0.000000,0.000000,0.000000,0.000000,0.000000,0.000000,0.000000,0.000000,0.000000,0.000000,0.000000,0.000000,0.000000,0.000000,0.000000,0.000000,0.000000,0.000000,0.000000,0.000000,0.000000,0.000000,0.000000,0.000000,0.000000,0.000000,0.000000,0.000000,0.000000,0.000000,2023-03-26T16:09:56Z
45376,1,0.815300,0.815770,0.000000,0.000000,0.000000,0.000000,0.000000,0.000000,0.000000,0.000000,0.000000,0.000000,0.815300,NaN,32.000000,10.000000,4.000000,0.998829,1.000000,0.000000,10.000000,4.000000,0.999405,1.000000,0.000000,0.000000,0.000000,0.000000,0.000000,0.000000,0.000000,0.000000,0.000000,0.000000,0.000000,0.000000,0.000000,0.000000,0.000000,0.000000,0.000000,0.000000,0.000000,0.000000,0.000000,0.000000,0.000000,0.000000,0.000000,0.000000,0.000000,0.000000,0.000000,0.000000,0.000000,0.000000,0.000000,0.000000,0.000000,0.000000,0.000000,0.000000,0.000000,0.000000,0.000000,0.000000,0.000000,0.000000,0.000000,0.000000,0.000000,0.000000,0.000000,0.000000,0.000000,2023-03-26T16:09:57Z
46391,2,0.815300,0.815770,0.898428,0.000000,0.000000,0.000000,0.000000,0.000000,0.000000,0.000000,0.000000,0.000000,0.815300,NaN,32.000000,10.000000,4.000000,0.998829,1.000000,0.000000,10.000000,4.000000,0.999405,1.000000,0.000000,10.000000,5.000000,0.989811,1.000000,0.000000,0.000000,0.000000,0.000000,0.000000,0.000000,0.000000,0.000000,0.000000,0.000000,0.000000,0.000000,0.000000,0.000000,0.000000,0.000000,0.000000,0.000000,0.000000,0.000000,0.000000,0.000000,0.000000,0.000000,0.000000,0.000000,0.000000,0.000000,0.000000,0.000000,0.000000,0.000000,0.000000,0.000000,0.000000,0.000000,0.000000,0.000000,0.000000,0.000000,0.000000,0.000000,0.000000,0.000000,0.000000,0.000000,2023-03-26T16:09:58Z
47394,3,0.815300,0.815770,0.898428,1.263959,0.000000,0.000000,0.000000,0.000000,0.000000,0.000000,0.000000,0.000000,0.815300,NaN,32.000000,10.000000,4.000000,0.998829,1.000000,0.000000,10.000000,4.000000,0.999405,1.000000,0.000000,10.000000,5.000000,0.989811,1.000000,0.000000,9.000000,3.000000,0.909375,1.000000,0.000000,0.000000,0.000000,0.000000,0.000000,0.000000,0.000000,0.000000,0.000000,0.000000,0.000000,0.000000,0.000000,0.000000,0.000000,0.000000,0.000000,0.000000,0.000000,0.000000,0.000000,0.000000,0.000000,0.000000,0.000000,0.000000,0.000000,0.000000,0.000000,0.000000,0.000000,0.000000,0.000000,0.000000,0.000000,0.000000,0.000000,0.000000,0.000000,0.000000,0.000000,2023-03-26T16:09:59Z
94577,0,1.112242,0.815770,0.898428,1.263959,0.000000,0.000000,0.000000,0.000000,0.000000,0.000000,0.000000,0.000000,0.815770,0.971099,32.000000,9.000000,3.000000,0.800219,1.000000,0.816256,10.000000,4.000000,0.999405,1.000000,0.816256,10.000000,5.000000,0.989811,1.000000,0.907676,9.000000,3.000000,0.909375,1.000000,1.389921,0.000000,0.000000,0.000000,0.000000,0.000000,0.000000,0.000000,0.000000,0.000000,0.000000,0.000000,0.000000,0.000000,0.000000,0.000000,0.000000,0.000000,0.000000,0.000000,0.000000,0.000000,0.000000,0.000000,0.000000,0.000000,0.000000,0.000000,0.000000,0.000000,0.000000,0.000000,0.000000,0.000000,0.000000,0.000000,0.000000,0.000000,0.000000,0.000000,0.000000,2023-03-26T16:10:46Z
95572,1,1.112242,1.177144,0.898428,1.263959,0.000000,0.000000,0.000000,0.000000,0.000000,0.000000,0.000000,0.000000,0.898428,0.985491,32.000000,9.000000,3.000000,0.800219,1.000000,0.816256,9.000000,3.000000,0.846914,1.000000,0.816256,10.000000,5.000000,0.989811,1.000000,0.907676,9.000000,3.000000,0.909375,1.000000,1.389921,0.000000,0.000000,0.000000,0.000000,0.000000,0.000000,0.000000,0.000000,0.000000,0.000000,0.000000,0.000000,0.000000,0.000000,0.000000,0.000000,0.000000,0.000000,0.000000,0.000000,0.000000,0.000000,0.000000,0.000000,0.000000,0.000000,0.000000,0.000000,0.000000,0.000000,0.000000,0.000000,0.000000,0.000000,0.000000,0.000000,0.000000,0.000000,0.000000,0.000000,2023-03-26T16:10:47Z
96580,2,1.112242,1.177144,0.665322,1.263959,0.000000,0.000000,0.000000,0.000000,0.000000,0.000000,0.000000,0.000000,0.665322,0.954169,32.000000,9.000000,3.000000,0.800219,1.000000,0.816256,9.000000,3.000000,0.846914,1.000000,0.816256,10.000000,5.000000,0.732995,1.000000,0.907676,9.000000,3.000000,0.909375,1.000000,1.389921,0.000000,0.000000,0.000000,0.000000,0.000000,0.000000,0.000000,0.000000,0.000000,0.000000,0.000000,0.000000,0.000000,0.000000,0.000000,0.000000,0.000000,0.000000,0.000000,0.000000,0.000000,0.000000,0.000000,0.000000,0.000000,0.000000,0.000000,0.000000,0.000000,0.000000,0.000000,0.000000,0.000000,0.000000,0.000000,0.000000,0.000000,0.000000,0.000000,0.000000,2023-03-26T16:10:48Z
97590,3,1.112242,1.177144,0.665322,1.261419,0.000000,0.000000,0.000000,0.000000,0.000000,0.000000,0.000000,0.000000,0.665322,0.954334,32.000000,9.000000,3.000000,0.800219,1.000000,0.816256,9.000000,3.000000,0.846914,1.000000,0.816256,10.000000,5.000000,0.732995,1.000000,0.907676,9.000000,3.000000,0.907547,1.000000,1.389921,0.000000,0.000000,0.000000,0.000000,0.000000,0.000000,0.000000,0.000000,0.000000,0.000000,0.000000,0.000000,0.000000,0.000000,0.000000,0.000000,0.000000,0.000000,0.000000,0.000000,0.000000,0.000000,0.000000,0.000000,0.000000,0.000000,0.000000,0.000000,0.000000,0.000000,0.000000,0.000000,0.000000,0.000000,0.000000,0.000000,0.000000,0.000000,0.000000,0.000000,2023-03-26T16:10:49Z
147798,3,1.112242,1.177144,0.665322,1.006057,0.000000,0.000000,0.000000,0.000000,0.000000,0.000000,0.000000,0.000000,0.665322,0.961830,32.000000,9.000000,3.000000,0.800219,1.000000,0.925380,9.000000,3.000000,0.846914,1.000000,0.999623,10.000000,5.000000,0.732995,1.000000,0.907676,9.000000,3.000000,0.723823,1.000000,1.389921,0.000000,0.000000,0.000000,0.000000,0.000000,0.000000,0.000000,0.000000,0.000000,0.000000,0.000000,0.000000,0.000000,0.000000,0.000000,0.000000,0.000000,0.000000,0.000000,0.000000,0.000000,0.000000,0.000000,0.000000,0.000000,0.000000,0.000000,0.000000,0.000000,0.000000,0.000000,0.000000,0.000000,0.000000,0.000000,0.000000,0.000000,0.000000,0.000000,0.000000,2023-03-26T16:11:40Z
155837,1,1.112242,0.923975,0.665322,1.006057,0.000000,0.000000,0.000000,0.000000,0.000000,0.000000,0.000000,0.000000,0.665322,0.969244,32.000000,9.000000,3.000000,0.800219,1.000000,0.965726,9.000000,3.000000,0.664768,0.937500,1.028504,10.000000,5.000000,0.732995,1.000000,0.907676,9.000000,3.000000,0.723823,1.000000,1.389921,0.000000,0.000000,0.000000,0.000000,0.000000,0.000000,0.000000,0.000000,0.000000,0.000000,0.000000,0.000000,0.000000,0.000000,0.000000,0.000000,0.000000,0.000000,0.000000,0.000000,0.000000,0.000000,0.000000,0.000000,0.000000,0.000000,0.000000,0.000000,0.000000,0.000000,0.000000,0.000000,0.000000,0.000000,0.000000,0.000000,0.000000,0.000000,0.000000,0.000000,2023-03-26T16:11:48Z
166903,2,1.112242,0.923975,1.634691,1.006057,0.000000,0.000000,0.000000,0.000000,0.000000,0.000000,0.000000,0.000000,0.923975,0.946897,32.000000,9.000000,3.000000,0.800219,1.000000,0.965726,9.000000,3.000000,0.664768,0.937500,1.028504,8.000000,0.000000,0.997442,0.882353,0.907676,9.000000,3.000000,0.723823,1.000000,1.389921,0.000000,0.000000,0.000000,0.000000,0.000000,0.000000,0.000000,0.000000,0.000000,0.000000,0.000000,0.000000,0.000000,0.000000,0.000000,0.000000,0.000000,0.000000,0.000000,0.000000,0.000000,0.000000,0.000000,0.000000,0.000000,0.000000,0.000000,0.000000,0.000000,0.000000,0.000000,0.000000,0.000000,0.000000,0.000000,0.000000,0.000000,0.000000,0.000000,0.000000,2023-03-26T16:11:59Z
195021,0,0.494909,0.923975,1.634691,1.006057,0.000000,0.000000,0.000000,0.000000,0.000000,0.000000,0.000000,0.000000,0.494909,0.861411,32.000000,11.000000,5.000000,1.000000,0.750000,1.028504,9.000000,3.000000,0.664768,0.937500,1.075097,8.000000,0.000000,0.997442,0.882353,0.980594,9.000000,3.000000,0.723823,1.000000,1.389921,0.000000,0.000000,0.000000,0.000000,0.000000,0.000000,0.000000,0.000000,0.000000,0.000000,0.000000,0.000000,0.000000,0.000000,0.000000,0.000000,0.000000,0.000000,0.000000,0.000000,0.000000,0.000000,0.000000,0.000000,0.000000,0.000000,0.000000,0.000000,0.000000,0.000000,0.000000,0.000000,0.000000,0.000000,0.000000,0.000000,0.000000,0.000000,0.000000,0.000000,2023-03-26T16:12:27Z
208100,3,0.494909,0.923975,1.634691,0.999191,0.000000,0.000000,0.000000,0.000000,0.000000,0.000000,0.000000,0.000000,0.494909,0.860978,32.000000,11.000000,5.000000,1.000000,0.750000,0.936694,9.000000,3.000000,0.664768,0.937500,1.111048,8.000000,0.000000,0.997442,0.882353,1.040287,9.000000,2.000000,0.894134,0.952381,1.389921,0.000000,0.000000,0.000000,0.000000,0.000000,0.000000,0.000000,0.000000,0.000000,0.000000,0.000000,0.000000,0.000000,0.000000,0.000000,0.000000,0.000000,0.000000,0.000000,0.000000,0.000000,0.000000,0.000000,0.000000,0.000000,0.000000,0.000000,0.000000,0.000000,0.000000,0.000000,0.000000,0.000000,0.000000,0.000000,0.000000,0.000000,0.000000,0.000000,0.000000,2023-03-26T16:12:40Z
217137,2,0.494909,0.923975,1.588585,0.999191,0.000000,0.000000,0.000000,0.000000,0.000000,0.000000,0.000000,0.000000,0.494909,0.868564,32.000000,11.000000,5.000000,1.000000,0.750000,0.871840,9.000000,3.000000,0.664768,0.937500,1.111048,8.000000,0.000000,0.969309,0.909091,1.066250,9.000000,2.000000,0.894134,0.952381,1.389921,0.000000,0.000000,0.000000,0.000000,0.000000,0.000000,0.000000,0.000000,0.000000,0.000000,0.000000,0.000000,0.000000,0.000000,0.000000,0.000000,0.000000,0.000000,0.000000,0.000000,0.000000,0.000000,0.000000,0.000000,0.000000,0.000000,0.000000,0.000000,0.000000,0.000000,0.000000,0.000000,0.000000,0.000000,0.000000,0.000000,0.000000,0.000000,0.000000,0.000000,2023-03-26T16:12:49Z
245249,0,1.131058,0.923975,1.588585,0.999191,0.000000,0.000000,0.000000,0.000000,0.000000,0.000000,0.000000,0.000000,0.923975,0.952946,32.000000,9.000000,3.000000,0.813757,0.800000,0.756593,9.000000,3.000000,0.664768,0.937500,1.111048,8.000000,0.000000,0.969309,0.909091,1.111958,9.000000,2.000000,0.894134,0.952381,1.335654,0.000000,0.000000,0.000000,0.000000,0.000000,0.000000,0.000000,0.000000,0.000000,0.000000,0.000000,0.000000,0.000000,0.000000,0.000000,0.000000,0.000000,0.000000,0.000000,0.000000,0.000000,0.000000,0.000000,0.000000,0.000000,0.000000,0.000000,0.000000,0.000000,0.000000,0.000000,0.000000,0.000000,0.000000,0.000000,0.000000,0.000000,0.000000,0.000000,0.000000,2023-03-26T16:13:17Z
246266,1,1.131058,1.168583,1.588585,0.999191,0.000000,0.000000,0.000000,0.000000,0.000000,0.000000,0.000000,0.000000,0.999191,0.968355,32.000000,9.000000,3.000000,0.813757,0.800000,0.756593,9.000000,3.000000,0.840755,0.800000,1.126111,8.000000,0.000000,0.969309,0.909091,1.111958,9.000000,2.000000,0.894134,0.952381,1.335654,0.000000,0.000000,0.000000,0.000000,0.000000,0.000000,0.000000,0.000000,0.000000,0.000000,0.000000,0.000000,0.000000,0.000000,0.000000,0.000000,0.000000,0.000000,0.000000,0.000000,0.000000,0.000000,0.000000,0.000000,0.000000,0.000000,0.000000,0.000000,0.000000,0.000000,0.000000,0.000000,0.000000,0.000000,0.000000,0.000000,0.000000,0.000000,0.000000,0.000000,2023-03-26T16:13:18Z
267350,2,1.131058,1.168583,1.588588,0.999191,0.000000,0.000000,0.000000,0.000000,0.000000,0.000000,0.000000,0.000000,0.999191,0.968355,32.000000,9.000000,3.000000,0.813757,0.800000,0.778771,9.000000,3.000000,0.840755,0.800000,1.151831,8.000000,0.000000,0.969311,0.925926,1.168302,9.000000,2.000000,0.894134,0.952381,1.322070,0.000000,0.000000,0.000000,0.000000,0.000000,0.000000,0.000000,0.000000,0.000000,0.000000,0.000000,0.000000,0.000000,0.000000,0.000000,0.000000,0.000000,0.000000,0.000000,0.000000,0.000000,0.000000,0.000000,0.000000,0.000000,0.000000,0.000000,0.000000,0.000000,0.000000,0.000000,0.000000,0.000000,0.000000,0.000000,0.000000,0.000000,0.000000,0.000000,0.000000,2023-03-26T16:13:39Z
268355,3,1.131058,1.168583,1.588588,0.901312,0.000000,0.000000,0.000000,0.000000,0.000000,0.000000,0.000000,0.000000,0.901312,0.958881,32.000000,9.000000,3.000000,0.813757,0.800000,0.778771,9.000000,3.000000,0.840755,0.800000,1.151831,8.000000,0.000000,0.969311,0.925926,1.168302,9.000000,4.000000,0.597919,0.925926,1.310078,0.000000,0.000000,0.000000,0.000000,0.000000,0.000000,0.000000,0.000000,0.000000,0.000000,0.000000,0.000000,0.000000,0.000000,0.000000,0.000000,0.000000,0.000000,0.000000,0.000000,0.000000,0.000000,0.000000,0.000000,0.000000,0.000000,0.000000,0.000000,0.000000,0.000000,0.000000,0.000000,0.000000,0.000000,0.000000,0.000000,0.000000,0.000000,0.000000,0.000000,2023-03-26T16:13:40Z
315494,0,0.893882,1.168583,1.588588,0.901312,0.000000,0.000000,0.000000,0.000000,0.000000,0.000000,0.000000,0.000000,0.893882,0.941901,32.000000,10.000000,5.000000,0.984802,0.781250,0.853860,9.000000,3.000000,0.840755,0.800000,1.172981,8.000000,0.000000,0.969311,0.925926,1.227023,9.000000,4.000000,0.597919,0.925926,1.325857,0.000000,0.000000,0.000000,0.000000,0.000000,0.000000,0.000000,0.000000,0.000000,0.000000,0.000000,0.000000,0.000000,0.000000,0.000000,0.000000,0.000000,0.000000,0.000000,0.000000,0.000000,0.000000,0.000000,0.000000,0.000000,0.000000,0.000000,0.000000,0.000000,0.000000,0.000000,0.000000,0.000000,0.000000,0.000000,0.000000,0.000000,0.000000,0.000000,0.000000,2023-03-26T16:14:27Z
316537,1,0.893882,1.523714,1.588588,0.901312,0.000000,0.000000,0.000000,0.000000,0.000000,0.000000,0.000000,0.000000,0.893882,0.932500,32.000000,10.000000,5.000000,0.984802,0.781250,0.853860,8.000000,1.000000,0.853392,0.781250,1.182207,8.000000,0.000000,0.969311,0.925926,1.227023,9.000000,4.000000,0.597919,0.925926,1.325857,0.000000,0.000000,0.000000,0.000000,0.000000,0.000000,0.000000,0.000000,0.000000,0.000000,0.000000,0.000000,0.000000,0.000000,0.000000,0.000000,0.000000,0.000000,0.000000,0.000000,0.000000,0.000000,0.000000,0.000000,0.000000,0.000000,0.000000,0.000000,0.000000,0.000000,0.000000,0.000000,0.000000,0.000000,0.000000,0.000000,0.000000,0.000000,0.000000,0.000000,2023-03-26T16:14:28Z
317504,2,0.893882,1.523714,1.590191,0.901312,0.000000,0.000000,0.000000,0.000000,0.000000,0.000000,0.000000,0.000000,0.893882,0.932374,32.000000,10.000000,5.000000,0.984802,0.781250,0.853860,8.000000,1.000000,0.853392,0.781250,1.182207,8.000000,0.000000,0.970289,0.937500,1.239482,9.000000,4.000000,0.597919,0.925926,1.325857,0.000000,0.000000,0.000000,0.000000,0.000000,0.000000,0.000000,0.000000,0.000000,0.000000,0.000000,0.000000,0.000000,0.000000,0.000000,0.000000,0.000000,0.000000,0.000000,0.000000,0.000000,0.000000,0.000000,0.000000,0.000000,0.000000,0.000000,0.000000,0.000000,0.000000,0.000000,0.000000,0.000000,0.000000,0.000000,0.000000,0.000000,0.000000,0.000000,0.000000,2023-03-26T16:14:29Z
338586,3,0.893882,1.523714,1.590191,1.040239,0.000000,0.000000,0.000000,0.000000,0.000000,0.000000,0.000000,0.000000,0.893882,0.946388,32.000000,10.000000,5.000000,0.984802,0.781250,0.858487,8.000000,1.000000,0.853392,0.781250,1.219671,8.000000,0.000000,0.970289,0.937500,1.262269,9.000000,2.000000,0.930866,0.882353,1.345301,0.000000,0.000000,0.000000,0.000000,0.000000,0.000000,0.000000,0.000000,0.000000,0.000000,0.000000,0.000000,0.000000,0.000000,0.000000,0.000000,0.000000,0.000000,0.000000,0.000000,0.000000,0.000000,0.000000,0.000000,0.000000,0.000000,0.000000,0.000000,0.000000,0.000000,0.000000,0.000000,0.000000,0.000000,0.000000,0.000000,0.000000,0.000000,0.000000,0.000000,2023-03-26T16:14:50Z
365729,0,0.816502,1.523714,1.590191,1.040239,0.000000,0.000000,0.000000,0.000000,0.000000,0.000000,0.000000,0.000000,0.816502,0.935999,32.000000,10.000000,5.000000,0.899552,0.810811,0.864107,8.000000,1.000000,0.853392,0.781250,1.252753,8.000000,0.000000,0.970289,0.937500,1.272714,9.000000,2.000000,0.930866,0.882353,1.325289,0.000000,0.000000,0.000000,0.000000,0.000000,0.000000,0.000000,0.000000,0.000000,0.000000,0.000000,0.000000,0.000000,0.000000,0.000000,0.000000,0.000000,0.000000,0.000000,0.000000,0.000000,0.000000,0.000000,0.000000,0.000000,0.000000,0.000000,0.000000,0.000000,0.000000,0.000000,0.000000,0.000000,0.000000,0.000000,0.000000,0.000000,0.000000,0.000000,0.000000,2023-03-26T16:15:18Z
366713,1,0.816502,1.289600,1.590191,1.040239,0.000000,0.000000,0.000000,0.000000,0.000000,0.000000,0.000000,0.000000,0.816502,0.944136,32.000000,10.000000,5.000000,0.899552,0.810811,0.864107,8.000000,1.000000,0.722270,0.810811,1.267885,8.000000,0.000000,0.970289,0.937500,1.272714,9.000000,2.000000,0.930866,0.882353,1.325289,0.000000,0.000000,0.000000,0.000000,0.000000,0.000000,0.000000,0.000000,0.000000,0.000000,0.000000,0.000000,0.000000,0.000000,0.000000,0.000000,0.000000,0.000000,0.000000,0.000000,0.000000,0.000000,0.000000,0.000000,0.000000,0.000000,0.000000,0.000000,0.000000,0.000000,0.000000,0.000000,0.000000,0.000000,0.000000,0.000000,0.000000,0.000000,0.000000,0.000000,2023-03-26T16:15:18Z
377767,2,0.816502,1.289600,1.523364,1.040239,0.000000,0.000000,0.000000,0.000000,0.000000,0.000000,0.000000,0.000000,0.816502,0.950991,32.000000,10.000000,5.000000,0.899552,0.810811,0.865705,8.000000,1.000000,0.722270,0.810811,1.267885,8.000000,1.000000,0.853195,0.921053,1.291958,9.000000,2.000000,0.930866,0.882353,1.316546,0.000000,0.000000,0.000000,0.000000,0.000000,0.000000,0.000000,0.000000,0.000000,0.000000,0.000000,0.000000,0.000000,0.000000,0.000000,0.000000,0.000000,0.000000,0.000000,0.000000,0.000000,0.000000,0.000000,0.000000,0.000000,0.000000,0.000000,0.000000,0.000000,0.000000,0.000000,0.000000,0.000000,0.000000,0.000000,0.000000,0.000000,0.000000,0.000000,0.000000,2023-03-26T16:15:30Z
388897,3,0.816502,1.289600,1.523364,1.564153,0.000000,0.000000,0.000000,0.000000,0.000000,0.000000,0.000000,0.000000,0.816502,0.950185,32.000000,10.000000,5.000000,0.899552,0.810811,0.867190,8.000000,1.000000,0.722270,0.810811,1.282181,8.000000,1.000000,0.853195,0.921053,1.303581,8.000000,1.000000,0.876040,0.897436,1.301096,0.000000,0.000000,0.000000,0.000000,0.000000,0.000000,0.000000,0.000000,0.000000,0.000000,0.000000,0.000000,0.000000,0.000000,0.000000,0.000000,0.000000,0.000000,0.000000,0.000000,0.000000,0.000000,0.000000,0.000000,0.000000,0.000000,0.000000,0.000000,0.000000,0.000000,0.000000,0.000000,0.000000,0.000000,0.000000,0.000000,0.000000,0.000000,0.000000,0.000000,2023-03-26T16:15:41Z
415984,0,0.513455,1.289600,1.523364,1.564153,0.000000,0.000000,0.000000,0.000000,0.000000,0.000000,0.000000,0.000000,0.513455,0.893262,32.000000,10.000000,1.000000,0.986546,0.833333,0.871076,8.000000,1.000000,0.722270,0.810811,1.308528,8.000000,1.000000,0.853195,0.921053,1.325259,8.000000,1.000000,0.876040,0.897436,1.312583,0.000000,0.000000,0.000000,0.000000,0.000000,0.000000,0.000000,0.000000,0.000000,0.000000,0.000000,0.000000,0.000000,0.000000,0.000000,0.000000,0.000000,0.000000,0.000000,0.000000,0.000000,0.000000,0.000000,0.000000,0.000000,0.000000,0.000000,0.000000,0.000000,0.000000,0.000000,0.000000,0.000000,0.000000,0.000000,0.000000,0.000000,0.000000,0.000000,0.000000,2023-03-26T16:16:08Z
426952,1,0.513455,1.498487,1.523364,1.564153,0.000000,0.000000,0.000000,0.000000,0.000000,0.000000,0.000000,0.000000,0.513455,0.893464,32.000000,10.000000,1.000000,0.986546,0.833333,0.852548,8.000000,0.000000,0.914334,0.813953,1.332253,8.000000,1.000000,0.853195,0.921053,1.335383,8.000000,1.000000,0.876040,0.897436,1.323537,0.000000,0.000000,0.000000,0.000000,0.000000,0.000000,0.000000,0.000000,0.000000,0.000000,0.000000,0.000000,0.000000,0.000000,0.000000,0.000000,0.000000,0.000000,0.000000,0.000000,0.000000,0.000000,0.000000,0.000000,0.000000,0.000000,0.000000,0.000000,0.000000,0.000000,0.000000,0.000000,0.000000,0.000000,0.000000,0.000000,0.000000,0.000000,0.000000,0.000000,2023-03-26T16:16:19Z
427961,2,0.513455,1.498487,1.105278,1.564153,0.000000,0.000000,0.000000,0.000000,0.000000,0.000000,0.000000,0.000000,0.513455,0.886925,32.000000,10.000000,1.000000,0.986546,0.833333,0.852548,8.000000,0.000000,0.914334,0.813953,1.332253,9.000000,2.000000,0.989066,0.930233,1.345071,8.000000,1.000000,0.876040,0.897436,1.323537,0.000000,0.000000,0.000000,0.000000,0.000000,0.000000,0.000000,0.000000,0.000000,0.000000,0.000000,0.000000,0.000000,0.000000,0.000000,0.000000,0.000000,0.000000,0.000000,0.000000,0.000000,0.000000,0.000000,0.000000,0.000000,0.000000,0.000000,0.000000,0.000000,0.000000,0.000000,0.000000,0.000000,0.000000,0.000000,0.000000,0.000000,0.000000,0.000000,0.000000,2023-03-26T16:16:20Z
459100,3,0.513455,1.498487,1.105278,1.535983,0.000000,0.000000,0.000000,0.000000,0.000000,0.000000,0.000000,0.000000,0.513455,0.888849,32.000000,10.000000,1.000000,0.986546,0.833333,0.807107,8.000000,0.000000,0.914334,0.813953,1.355305,9.000000,2.000000,0.989066,0.930233,1.323788,8.000000,1.000000,0.860263,0.869565,1.353554,0.000000,0.000000,0.000000,0.000000,0.000000,0.000000,0.000000,0.000000,0.000000,0.000000,0.000000,0.000000,0.000000,0.000000,0.000000,0.000000,0.000000,0.000000,0.000000,0.000000,0.000000,0.000000,0.000000,0.000000,0.000000,0.000000,0.000000,0.000000,0.000000,0.000000,0.000000,0.000000,0.000000,0.000000,0.000000,0.000000,0.000000,0.000000,0.000000,0.000000,2023-03-26T16:16:51Z
466121,0,0.912744,1.498487,1.105278,1.535983,0.000000,0.000000,0.000000,0.000000,0.000000,0.000000,0.000000,0.000000,0.912744,0.958325,32.000000,9.000000,1.000000,0.949637,0.851064,0.794603,8.000000,0.000000,0.914334,0.813953,1.355305,9.000000,2.000000,0.989066,0.930233,1.323788,8.000000,1.000000,0.860263,0.869565,1.353554,0.000000,0.000000,0.000000,0.000000,0.000000,0.000000,0.000000,0.000000,0.000000,0.000000,0.000000,0.000000,0.000000,0.000000,0.000000,0.000000,0.000000,0.000000,0.000000,0.000000,0.000000,0.000000,0.000000,0.000000,0.000000,0.000000,0.000000,0.000000,0.000000,0.000000,0.000000,0.000000,0.000000,0.000000,0.000000,0.000000,0.000000,0.000000,0.000000,0.000000,2023-03-26T16:16:58Z
477171,1,0.912744,1.545724,1.105278,1.535983,0.000000,0.000000,0.000000,0.000000,0.000000,0.000000,0.000000,0.000000,0.912744,0.955692,32.000000,9.000000,1.000000,0.949637,0.851064,0.798447,8.000000,0.000000,0.943157,0.833333,1.368840,9.000000,2.000000,0.989066,0.930233,1.317551,8.000000,1.000000,0.860263,0.869565,1.362711,0.000000,0.000000,0.000000,0.000000,0.000000,0.000000,0.000000,0.000000,0.000000,0.000000,0.000000,0.000000,0.000000,0.000000,0.000000,0.000000,0.000000,0.000000,0.000000,0.000000,0.000000,0.000000,0.000000,0.000000,0.000000,0.000000,0.000000,0.000000,0.000000,0.000000,0.000000,0.000000,0.000000,0.000000,0.000000,0.000000,0.000000,0.000000,0.000000,0.000000,2023-03-26T16:17:09Z
478181,2,0.912744,1.545724,0.995991,1.535983,0.000000,0.000000,0.000000,0.000000,0.000000,0.000000,0.000000,0.000000,0.912744,0.947140,32.000000,9.000000,1.000000,0.949637,0.851064,0.798447,8.000000,0.000000,0.943157,0.833333,1.368840,9.000000,2.000000,0.891270,0.937500,1.311681,8.000000,1.000000,0.860263,0.869565,1.362711,0.000000,0.000000,0.000000,0.000000,0.000000,0.000000,0.000000,0.000000,0.000000,0.000000,0.000000,0.000000,0.000000,0.000000,0.000000,0.000000,0.000000,0.000000,0.000000,0.000000,0.000000,0.000000,0.000000,0.000000,0.000000,0.000000,0.000000,0.000000,0.000000,0.000000,0.000000,0.000000,0.000000,0.000000,0.000000,0.000000,0.000000,0.000000,0.000000,0.000000,2023-03-26T16:17:10Z
509318,3,0.912744,1.545724,0.995991,1.224849,0.000000,0.000000,0.000000,0.000000,0.000000,0.000000,0.000000,0.000000,0.912744,0.957891,32.000000,9.000000,1.000000,0.949637,0.851064,0.808981,8.000000,0.000000,0.943157,0.833333,1.386881,9.000000,2.000000,0.891270,0.937500,1.295969,8.000000,1.000000,0.686005,0.882353,1.395760,0.000000,0.000000,0.000000,0.000000,0.000000,0.000000,0.000000,0.000000,0.000000,0.000000,0.000000,0.000000,0.000000,0.000000,0.000000,0.000000,0.000000,0.000000,0.000000,0.000000,0.000000,0.000000,0.000000,0.000000,0.000000,0.000000,0.000000,0.000000,0.000000,0.000000,0.000000,0.000000,0.000000,0.000000,0.000000,0.000000,0.000000,0.000000,0.000000,0.000000,2023-03-26T16:17:41Z
516307,0,1.184818,1.545724,0.995991,1.224849,0.000000,0.000000,0.000000,0.000000,0.000000,0.000000,0.000000,0.000000,0.995991,0.975138,32.000000,9.000000,3.000000,0.852435,0.865385,0.812195,8.000000,0.000000,0.943157,0.833333,1.386881,9.000000,2.000000,0.891270,0.937500,1.295969,8.000000,1.000000,0.686005,0.882353,1.395760,0.000000,0.000000,0.000000,0.000000,0.000000,0.000000,0.000000,0.000000,0.000000,0.000000,0.000000,0.000000,0.000000,0.000000,0.000000,0.000000,0.000000,0.000000,0.000000,0.000000,0.000000,0.000000,0.000000,0.000000,0.000000,0.000000,0.000000,0.000000,0.000000,0.000000,0.000000,0.000000,0.000000,0.000000,0.000000,0.000000,0.000000,0.000000,0.000000,0.000000,2023-03-26T16:17:48Z
527363,1,1.184818,1.543781,0.995991,1.224849,0.000000,0.000000,0.000000,0.000000,0.000000,0.000000,0.000000,0.000000,0.995991,0.975305,32.000000,9.000000,3.000000,0.852435,0.865385,0.820514,8.000000,0.000000,0.941971,0.849057,1.397626,9.000000,2.000000,0.891270,0.937500,1.291282,8.000000,1.000000,0.686005,0.882353,1.395760,0.000000,0.000000,0.000000,0.000000,0.000000,0.000000,0.000000,0.000000,0.000000,0.000000,0.000000,0.000000,0.000000,0.000000,0.000000,0.000000,0.000000,0.000000,0.000000,0.000000,0.000000,0.000000,0.000000,0.000000,0.000000,0.000000,0.000000,0.000000,0.000000,0.000000,0.000000,0.000000,0.000000,0.000000,0.000000,0.000000,0.000000,0.000000,0.000000,0.000000,2023-03-26T16:17:59Z
528374,2,1.184818,1.543781,1.006364,1.224849,0.000000,0.000000,0.000000,0.000000,0.000000,0.000000,0.000000,0.000000,1.006364,0.976168,32.000000,9.000000,3.000000,0.852435,0.865385,0.820514,8.000000,0.000000,0.941971,0.849057,1.397626,9.000000,4.000000,0.667609,0.943396,1.286835,8.000000,1.000000,0.686005,0.882353,1.395760,0.000000,0.000000,0.000000,0.000000,0.000000,0.000000,0.000000,0.000000,0.000000,0.000000,0.000000,0.000000,0.000000,0.000000,0.000000,0.000000,0.000000,0.000000,0.000000,0.000000,0.000000,0.000000,0.000000,0.000000,0.000000,0.000000,0.000000,0.000000,0.000000,0.000000,0.000000,0.000000,0.000000,0.000000,0.000000,0.000000,0.000000,0.000000,0.000000,0.000000,2023-03-26T16:18:00Z
566542,0,0.878313,1.543781,1.006364,1.224849,0.000000,0.000000,0.000000,0.000000,0.000000,0.000000,0.000000,0.000000,0.878313,0.955114,32.000000,9.000000,4.000000,0.582662,0.877193,0.851522,8.000000,0.000000,0.941971,0.849057,1.412129,9.000000,4.000000,0.667609,0.943396,1.290942,8.000000,1.000000,0.686005,0.882353,1.410420,0.000000,0.000000,0.000000,0.000000,0.000000,0.000000,0.000000,0.000000,0.000000,0.000000,0.000000,0.000000,0.000000,0.000000,0.000000,0.000000,0.000000,0.000000,0.000000,0.000000,0.000000,0.000000,0.000000,0.000000,0.000000,0.000000,0.000000,0.000000,0.000000,0.000000,0.000000,0.000000,0.000000,0.000000,0.000000,0.000000,0.000000,0.000000,0.000000,0.000000,2023-03-26T16:18:38Z
577586,1,0.878313,1.542437,1.006364,1.224849,0.000000,0.000000,0.000000,0.000000,0.000000,0.000000,0.000000,0.000000,0.878313,0.955261,32.000000,9.000000,4.000000,0.582662,0.877193,0.851522,8.000000,0.000000,0.941151,0.862069,1.420867,9.000000,4.000000,0.667609,0.943396,1.290942,8.000000,1.000000,0.686005,0.882353,1.417344,0.000000,0.000000,0.000000,0.000000,0.000000,0.000000,0.000000,0.000000,0.000000,0.000000,0.000000,0.000000,0.000000,0.000000,0.000000,0.000000,0.000000,0.000000,0.000000,0.000000,0.000000,0.000000,0.000000,0.000000,0.000000,0.000000,0.000000,0.000000,0.000000,0.000000,0.000000,0.000000,0.000000,0.000000,0.000000,0.000000,0.000000,0.000000,0.000000,0.000000,2023-03-26T16:18:49Z
599695,3,0.878313,1.542437,1.006364,1.541996,0.000000,0.000000,0.000000,0.000000,0.000000,0.000000,0.000000,0.000000,0.878313,0.943732,32.000000,9.000000,4.000000,0.582662,0.877193,0.859653,8.000000,0.000000,0.941151,0.862069,1.428956,9.000000,4.000000,0.667609,0.943396,1.298713,8.000000,1.000000,0.863631,0.833333,1.430452,0.000000,0.000000,0.000000,0.000000,0.000000,0.000000,0.000000,0.000000,0.000000,0.000000,0.000000,0.000000,0.000000,0.000000,0.000000,0.000000,0.000000,0.000000,0.000000,0.000000,0.000000,0.000000,0.000000,0.000000,0.000000,0.000000,0.000000,0.000000,0.000000,0.000000,0.000000,0.000000,0.000000,0.000000,0.000000,0.000000,0.000000,0.000000,0.000000,0.000000,2023-03-26T16:19:11Z
618808,2,0.878313,1.542437,0.718748,1.541996,0.000000,0.000000,0.000000,0.000000,0.000000,0.000000,0.000000,0.000000,0.718748,0.906400,32.000000,9.000000,4.000000,0.582662,0.877193,0.867586,8.000000,0.000000,0.941151,0.862069,1.432779,9.000000,4.000000,0.476808,0.887097,1.305945,8.000000,1.000000,0.863631,0.833333,1.436662,0.000000,0.000000,0.000000,0.000000,0.000000,0.000000,0.000000,0.000000,0.000000,0.000000,0.000000,0.000000,0.000000,0.000000,0.000000,0.000000,0.000000,0.000000,0.000000,0.000000,0.000000,0.000000,0.000000,0.000000,0.000000,0.000000,0.000000,0.000000,0.000000,0.000000,0.000000,0.000000,0.000000,0.000000,0.000000,0.000000,0.000000,0.000000,0.000000,0.000000,2023-03-26T16:19:31Z
637855,1,0.878313,1.543528,0.718748,1.541996,0.000000,0.000000,0.000000,0.000000,0.000000,0.000000,0.000000,0.000000,0.718748,0.906318,32.000000,9.000000,4.000000,0.582662,0.877193,0.867586,8.000000,0.000000,0.941817,0.859375,1.440023,9.000000,4.000000,0.476808,0.887097,1.305945,8.000000,1.000000,0.863631,0.833333,1.442659,0.000000,0.000000,0.000000,0.000000,0.000000,0.000000,0.000000,0.000000,0.000000,0.000000,0.000000,0.000000,0.000000,0.000000,0.000000,0.000000,0.000000,0.000000,0.000000,0.000000,0.000000,0.000000,0.000000,0.000000,0.000000,0.000000,0.000000,0.000000,0.000000,0.000000,0.000000,0.000000,0.000000,0.000000,0.000000,0.000000,0.000000,0.000000,0.000000,0.000000,2023-03-26T16:19:50Z
659961,3,0.878313,1.543528,0.718748,1.359348,0.000000,0.000000,0.000000,0.000000,0.000000,0.000000,0.000000,0.000000,0.718748,0.917370,32.000000,9.000000,4.000000,0.582662,0.877193,0.875326,8.000000,0.000000,0.941817,0.859375,1.446775,9.000000,4.000000,0.476808,0.887097,1.312693,8.000000,1.000000,0.761334,0.833333,1.459473,0.000000,0.000000,0.000000,0.000000,0.000000,0.000000,0.000000,0.000000,0.000000,0.000000,0.000000,0.000000,0.000000,0.000000,0.000000,0.000000,0.000000,0.000000,0.000000,0.000000,0.000000,0.000000,0.000000,0.000000,0.000000,0.000000,0.000000,0.000000,0.000000,0.000000,0.000000,0.000000,0.000000,0.000000,0.000000,0.000000,0.000000,0.000000,0.000000,0.000000,2023-03-26T16:20:12Z
687059,0,0.676960,1.543528,0.718748,1.359348,0.000000,0.000000,0.000000,0.000000,0.000000,0.000000,0.000000,0.000000,0.676960,0.887473,32.000000,9.000000,4.000000,0.449087,0.797101,0.890258,8.000000,0.000000,0.941817,0.859375,1.453083,9.000000,4.000000,0.476808,0.887097,1.315900,8.000000,1.000000,0.761334,0.833333,1.464717,0.000000,0.000000,0.000000,0.000000,0.000000,0.000000,0.000000,0.000000,0.000000,0.000000,0.000000,0.000000,0.000000,0.000000,0.000000,0.000000,0.000000,0.000000,0.000000,0.000000,0.000000,0.000000,0.000000,0.000000,0.000000,0.000000,0.000000,0.000000,0.000000,0.000000,0.000000,0.000000,0.000000,0.000000,0.000000,0.000000,0.000000,0.000000,0.000000,0.000000,2023-03-26T16:20:39Z
688082,1,0.676960,1.538236,0.718748,1.359348,0.000000,0.000000,0.000000,0.000000,0.000000,0.000000,0.000000,0.000000,0.676960,0.888072,32.000000,9.000000,4.000000,0.449087,0.797101,0.890258,8.000000,0.000000,0.938588,0.869565,1.456085,9.000000,4.000000,0.476808,0.887097,1.315900,8.000000,1.000000,0.761334,0.833333,1.464717,0.000000,0.000000,0.000000,0.000000,0.000000,0.000000,0.000000,0.000000,0.000000,0.000000,0.000000,0.000000,0.000000,0.000000,0.000000,0.000000,0.000000,0.000000,0.000000,0.000000,0.000000,0.000000,0.000000,0.000000,0.000000,0.000000,0.000000,0.000000,0.000000,0.000000,0.000000,0.000000,0.000000,0.000000,0.000000,0.000000,0.000000,0.000000,0.000000,0.000000,2023-03-26T16:20:40Z
730276,3,0.676960,1.538236,0.718748,1.645237,0.000000,0.000000,0.000000,0.000000,0.000000,0.000000,0.000000,0.000000,0.676960,0.866792,32.000000,9.000000,4.000000,0.449087,0.797101,0.897463,8.000000,0.000000,0.938588,0.869565,1.467180,9.000000,4.000000,0.476808,0.887097,1.319004,7.000000,0.000000,0.573389,0.821918,1.484107,0.000000,0.000000,0.000000,0.000000,0.000000,0.000000,0.000000,0.000000,0.000000,0.000000,0.000000,0.000000,0.000000,0.000000,0.000000,0.000000,0.000000,0.000000,0.000000,0.000000,0.000000,0.000000,0.000000,0.000000,0.000000,0.000000,0.000000,0.000000,0.000000,0.000000,0.000000,0.000000,0.000000,0.000000,0.000000,0.000000,0.000000,0.000000,0.000000,0.000000,2023-03-26T16:21:22Z
738298,1,0.676960,1.542747,0.718748,1.645237,0.000000,0.000000,0.000000,0.000000,0.000000,0.000000,0.000000,0.000000,0.676960,0.866509,32.000000,9.000000,4.000000,0.449087,0.797101,0.897463,8.000000,0.000000,0.941340,0.878378,1.469746,9.000000,4.000000,0.476808,0.887097,1.319004,7.000000,0.000000,0.573389,0.821918,1.484107,0.000000,0.000000,0.000000,0.000000,0.000000,0.000000,0.000000,0.000000,0.000000,0.000000,0.000000,0.000000,0.000000,0.000000,0.000000,0.000000,0.000000,0.000000,0.000000,0.000000,0.000000,0.000000,0.000000,0.000000,0.000000,0.000000,0.000000,0.000000,0.000000,0.000000,0.000000,0.000000,0.000000,0.000000,0.000000,0.000000,0.000000,0.000000,0.000000,0.000000,2023-03-26T16:21:30Z
749347,2,0.676960,1.542747,0.800483,1.645237,0.000000,0.000000,0.000000,0.000000,0.000000,0.000000,0.000000,0.000000,0.676960,0.879667,32.000000,9.000000,4.000000,0.449087,0.797101,0.904501,8.000000,0.000000,0.941340,0.878378,1.472237,9.000000,4.000000,0.531031,0.800000,1.322008,7.000000,0.000000,0.573389,0.821918,1.497013,0.000000,0.000000,0.000000,0.000000,0.000000,0.000000,0.000000,0.000000,0.000000,0.000000,0.000000,0.000000,0.000000,0.000000,0.000000,0.000000,0.000000,0.000000,0.000000,0.000000,0.000000,0.000000,0.000000,0.000000,0.000000,0.000000,0.000000,0.000000,0.000000,0.000000,0.000000,0.000000,0.000000,0.000000,0.000000,0.000000,0.000000,0.000000,0.000000,0.000000,2023-03-26T16:21:41Z
789328,1,0.676960,1.587446,0.800483,1.645237,0.000000,0.000000,0.000000,0.000000,0.000000,0.000000,0.000000,0.000000,0.676960,0.876773,32.000000,9.000000,4.000000,0.449087,0.797101,0.911379,8.000000,0.000000,0.968614,0.886076,1.481507,9.000000,4.000000,0.531031,0.800000,1.330472,7.000000,0.000000,0.573389,0.821918,1.534326,0.000000,0.000000,0.000000,0.000000,0.000000,0.000000,0.000000,0.000000,0.000000,0.000000,0.000000,0.000000,0.000000,0.000000,0.000000,0.000000,0.000000,0.000000,0.000000,0.000000,0.000000,0.000000,0.000000,0.000000,0.000000,0.000000,0.000000,0.000000,0.000000,0.000000,0.000000,0.000000,0.000000,0.000000,0.000000,0.000000,0.000000,0.000000,0.000000,0.000000,2023-03-26T16:22:21Z
790522,3,0.676960,1.587446,0.800483,0.846376,0.000000,0.000000,0.000000,0.000000,0.000000,0.000000,0.000000,0.000000,0.676960,0.882159,32.000000,9.000000,4.000000,0.449087,0.797101,0.911379,8.000000,0.000000,0.968614,0.886076,1.481507,9.000000,4.000000,0.531031,0.800000,1.333124,9.000000,0.000000,0.959355,0.822785,1.546317,0.000000,0.000000,0.000000,0.000000,0.000000,0.000000,0.000000,0.000000,0.000000,0.000000,0.000000,0.000000,0.000000,0.000000,0.000000,0.000000,0.000000,0.000000,0.000000,0.000000,0.000000,0.000000,0.000000,0.000000,0.000000,0.000000,0.000000,0.000000,0.000000,0.000000,0.000000,0.000000,0.000000,0.000000,0.000000,0.000000,0.000000,0.000000,0.000000,0.000000,2023-03-26T16:22:22Z
799558,2,0.676960,1.587446,1.327247,0.846376,0.000000,0.000000,0.000000,0.000000,0.000000,0.000000,0.000000,0.000000,0.676960,0.902465,32.000000,9.000000,4.000000,0.449087,0.797101,0.918101,8.000000,0.000000,0.968614,0.886076,1.483666,8.000000,1.000000,0.743355,0.812500,1.335698,9.000000,0.000000,0.959355,0.822785,1.546317,0.000000,0.000000,0.000000,0.000000,0.000000,0.000000,0.000000,0.000000,0.000000,0.000000,0.000000,0.000000,0.000000,0.000000,0.000000,0.000000,0.000000,0.000000,0.000000,0.000000,0.000000,0.000000,0.000000,0.000000,0.000000,0.000000,0.000000,0.000000,0.000000,0.000000,0.000000,0.000000,0.000000,0.000000,0.000000,0.000000,0.000000,0.000000,0.000000,0.000000,2023-03-26T16:22:31Z
827679,0,0.852900,1.587446,1.327247,0.846376,0.000000,0.000000,0.000000,0.000000,0.000000,0.000000,0.000000,0.000000,0.846376,0.929580,32.000000,9.000000,4.000000,0.565803,0.722892,0.924674,8.000000,0.000000,0.968614,0.886076,1.487810,8.000000,1.000000,0.743355,0.812500,1.341237,9.000000,0.000000,0.959355,0.822785,1.492808,0.000000,0.000000,0.000000,0.000000,0.000000,0.000000,0.000000,0.000000,0.000000,0.000000,0.000000,0.000000,0.000000,0.000000,0.000000,0.000000,0.000000,0.000000,0.000000,0.000000,0.000000,0.000000,0.000000,0.000000,0.000000,0.000000,0.000000,0.000000,0.000000,0.000000,0.000000,0.000000,0.000000,0.000000,0.000000,0.000000,0.000000,0.000000,0.000000,0.000000,2023-03-26T16:22:59Z
838728,1,0.852900,1.526056,1.327247,0.846376,0.000000,0.000000,0.000000,0.000000,0.000000,0.000000,0.000000,0.000000,0.846376,0.936264,32.000000,9.000000,4.000000,0.565803,0.722892,0.931101,8.000000,0.000000,0.931156,0.892857,1.491739,8.000000,1.000000,0.743355,0.812500,1.346641,9.000000,0.000000,0.959355,0.822785,1.492808,0.000000,0.000000,0.000000,0.000000,0.000000,0.000000,0.000000,0.000000,0.000000,0.000000,0.000000,0.000000,0.000000,0.000000,0.000000,0.000000,0.000000,0.000000,0.000000,0.000000,0.000000,0.000000,0.000000,0.000000,0.000000,0.000000,0.000000,0.000000,0.000000,0.000000,0.000000,0.000000,0.000000,0.000000,0.000000,0.000000,0.000000,0.000000,0.000000,0.000000,2023-03-26T16:23:11Z
850785,3,0.852900,1.526056,1.327247,1.543340,0.000000,0.000000,0.000000,0.000000,0.000000,0.000000,0.000000,0.000000,0.852900,0.956895,32.000000,9.000000,4.000000,0.565803,0.722892,0.937389,8.000000,0.000000,0.931156,0.892857,1.493628,8.000000,1.000000,0.743355,0.812500,1.351916,8.000000,0.000000,0.941702,0.823529,1.461682,0.000000,0.000000,0.000000,0.000000,0.000000,0.000000,0.000000,0.000000,0.000000,0.000000,0.000000,0.000000,0.000000,0.000000,0.000000,0.000000,0.000000,0.000000,0.000000,0.000000,0.000000,0.000000,0.000000,0.000000,0.000000,0.000000,0.000000,0.000000,0.000000,0.000000,0.000000,0.000000,0.000000,0.000000,0.000000,0.000000,0.000000,0.000000,0.000000,0.000000,2023-03-26T16:23:23Z
869867,2,0.852900,1.526056,1.414782,1.543340,0.000000,0.000000,0.000000,0.000000,0.000000,0.000000,0.000000,0.000000,0.852900,0.957164,32.000000,9.000000,4.000000,0.565803,0.722892,0.943541,8.000000,0.000000,0.931156,0.892857,1.497264,8.000000,1.000000,0.792381,0.804598,1.362093,8.000000,0.000000,0.941702,0.823529,1.464081,0.000000,0.000000,0.000000,0.000000,0.000000,0.000000,0.000000,0.000000,0.000000,0.000000,0.000000,0.000000,0.000000,0.000000,0.000000,0.000000,0.000000,0.000000,0.000000,0.000000,0.000000,0.000000,0.000000,0.000000,0.000000,0.000000,0.000000,0.000000,0.000000,0.000000,0.000000,0.000000,0.000000,0.000000,0.000000,0.000000,0.000000,0.000000,0.000000,0.000000,2023-03-26T16:23:42Z
888921,1,0.852900,1.496511,1.414782,1.543340,0.000000,0.000000,0.000000,0.000000,0.000000,0.000000,0.000000,0.000000,0.852900,0.958096,32.000000,9.000000,4.000000,0.565803,0.722892,0.949561,8.000000,0.000000,0.913128,0.898876,1.500722,8.000000,1.000000,0.792381,0.804598,1.362093,8.000000,0.000000,0.941702,0.823529,1.468688,0.000000,0.000000,0.000000,0.000000,0.000000,0.000000,0.000000,0.000000,0.000000,0.000000,0.000000,0.000000,0.000000,0.000000,0.000000,0.000000,0.000000,0.000000,0.000000,0.000000,0.000000,0.000000,0.000000,0.000000,0.000000,0.000000,0.000000,0.000000,0.000000,0.000000,0.000000,0.000000,0.000000,0.000000,0.000000,0.000000,0.000000,0.000000,0.000000,0.000000,2023-03-26T16:24:01Z
900996,3,0.852900,1.496511,1.414782,1.562065,0.000000,0.000000,0.000000,0.000000,0.000000,0.000000,0.000000,0.000000,0.852900,0.957295,32.000000,9.000000,4.000000,0.565803,0.722892,0.949561,8.000000,0.000000,0.913128,0.898876,1.502388,8.000000,1.000000,0.792381,0.804598,1.367004,8.000000,1.000000,0.874871,0.833333,1.473059,0.000000,0.000000,0.000000,0.000000,0.000000,0.000000,0.000000,0.000000,0.000000,0.000000,0.000000,0.000000,0.000000,0.000000,0.000000,0.000000,0.000000,0.000000,0.000000,0.000000,0.000000,0.000000,0.000000,0.000000,0.000000,0.000000,0.000000,0.000000,0.000000,0.000000,0.000000,0.000000,0.000000,0.000000,0.000000,0.000000,0.000000,0.000000,0.000000,0.000000,2023-03-26T16:24:13Z
908010,0,1.153375,1.496511,1.414782,1.562065,0.000000,0.000000,0.000000,0.000000,0.000000,0.000000,0.000000,0.000000,1.153375,0.987962,32.000000,9.000000,3.000000,0.829813,0.714286,0.955454,8.000000,0.000000,0.913128,0.898876,1.502388,8.000000,1.000000,0.792381,0.804598,1.367004,8.000000,1.000000,0.874871,0.833333,1.473059,0.000000,0.000000,0.000000,0.000000,0.000000,0.000000,0.000000,0.000000,0.000000,0.000000,0.000000,0.000000,0.000000,0.000000,0.000000,0.000000,0.000000,0.000000,0.000000,0.000000,0.000000,0.000000,0.000000,0.000000,0.000000,0.000000,0.000000,0.000000,0.000000,0.000000,0.000000,0.000000,0.000000,0.000000,0.000000,0.000000,0.000000,0.000000,0.000000,0.000000,2023-03-26T16:24:20Z
949204,1,1.153375,1.500401,1.414782,1.562065,0.000000,0.000000,0.000000,0.000000,0.000000,0.000000,0.000000,0.000000,1.153375,0.987891,32.000000,9.000000,3.000000,0.829813,0.714286,0.974492,8.000000,0.000000,0.915502,0.894737,1.508671,8.000000,1.000000,0.792381,0.804598,1.381078,8.000000,1.000000,0.874871,0.833333,1.487124,0.000000,0.000000,0.000000,0.000000,0.000000,0.000000,0.000000,0.000000,0.000000,0.000000,0.000000,0.000000,0.000000,0.000000,0.000000,0.000000,0.000000,0.000000,0.000000,0.000000,0.000000,0.000000,0.000000,0.000000,0.000000,0.000000,0.000000,0.000000,0.000000,0.000000,0.000000,0.000000,0.000000,0.000000,0.000000,0.000000,0.000000,0.000000,0.000000,0.000000,2023-03-26T16:25:01Z
950202,2,1.153375,1.500401,1.460266,1.562065,0.000000,0.000000,0.000000,0.000000,0.000000,0.000000,0.000000,0.000000,1.153375,0.987815,32.000000,9.000000,3.000000,0.829813,0.714286,0.974492,8.000000,0.000000,0.915502,0.894737,1.508671,8.000000,1.000000,0.817856,0.789474,1.385561,8.000000,1.000000,0.874871,0.833333,1.487124,0.000000,0.000000,0.000000,0.000000,0.000000,0.000000,0.000000,0.000000,0.000000,0.000000,0.000000,0.000000,0.000000,0.000000,0.000000,0.000000,0.000000,0.000000,0.000000,0.000000,0.000000,0.000000,0.000000,0.000000,0.000000,0.000000,0.000000,0.000000,0.000000,0.000000,0.000000,0.000000,0.000000,0.000000,0.000000,0.000000,0.000000,0.000000,0.000000,0.000000,2023-03-26T16:25:02Z
951206,3,1.153375,1.500401,1.460266,1.499505,0.000000,0.000000,0.000000,0.000000,0.000000,0.000000,0.000000,0.000000,1.153375,0.989401,32.000000,9.000000,3.000000,0.829813,0.714286,0.974492,8.000000,0.000000,0.915502,0.894737,1.508671,8.000000,1.000000,0.817856,0.789474,1.385561,8.000000,0.000000,0.914955,0.842105,1.490445,0.000000,0.000000,0.000000,0.000000,0.000000,0.000000,0.000000,0.000000,0.000000,0.000000,0.000000,0.000000,0.000000,0.000000,0.000000,0.000000,0.000000,0.000000,0.000000,0.000000,0.000000,0.000000,0.000000,0.000000,0.000000,0.000000,0.000000,0.000000,0.000000,0.000000,0.000000,0.000000,0.000000,0.000000,0.000000,0.000000,0.000000,0.000000,0.000000,0.000000,2023-03-26T16:25:03Z
958229,0,1.080993,1.500401,1.460266,1.499505,0.000000,0.000000,0.000000,0.000000,0.000000,0.000000,0.000000,0.000000,1.080993,0.984038,32.000000,9.000000,3.000000,0.777737,0.729167,0.978994,8.000000,0.000000,0.915502,0.894737,1.508671,8.000000,1.000000,0.817856,0.789474,1.385561,8.000000,0.000000,0.914955,0.842105,1.490445,0.000000,0.000000,0.000000,0.000000,0.000000,0.000000,0.000000,0.000000,0.000000,0.000000,0.000000,0.000000,0.000000,0.000000,0.000000,0.000000,0.000000,0.000000,0.000000,0.000000,0.000000,0.000000,0.000000,0.000000,0.000000,0.000000,0.000000,0.000000,0.000000,0.000000,0.000000,0.000000,0.000000,0.000000,0.000000,0.000000,0.000000,0.000000,0.000000,0.000000,2023-03-26T16:25:10Z
999381,1,1.080993,1.497313,1.460266,1.499505,0.000000,0.000000,0.000000,0.000000,0.000000,0.000000,0.000000,0.000000,1.080993,0.984109,32.000000,9.000000,3.000000,0.777737,0.729167,0.987711,8.000000,0.000000,0.913618,0.900000,1.515755,8.000000,1.000000,0.817856,0.789474,1.394236,8.000000,0.000000,0.914955,0.842105,1.493960,0.000000,0.000000,0.000000,0.000000,0.000000,0.000000,0.000000,0.000000,0.000000,0.000000,0.000000,0.000000,0.000000,0.000000,0.000000,0.000000,0.000000,0.000000,0.000000,0.000000,0.000000,0.000000,0.000000,0.000000,0.000000,0.000000,0.000000,0.000000,0.000000,0.000000,0.000000,0.000000,0.000000,0.000000,0.000000,0.000000,0.000000,0.000000,0.000000,0.000000,2023-03-26T16:25:51Z
1020471,2,1.080993,1.497313,1.473728,1.499505,0.000000,0.000000,0.000000,0.000000,0.000000,0.000000,0.000000,0.000000,1.080993,0.983912,32.000000,9.000000,3.000000,0.777737,0.729167,0.996065,8.000000,0.000000,0.913618,0.900000,1.517080,8.000000,1.000000,0.825395,0.784314,1.406564,8.000000,0.000000,0.914955,0.842105,1.497312,0.000000,0.000000,0.000000,0.000000,0.000000,0.000000,0.000000,0.000000,0.000000,0.000000,0.000000,0.000000,0.000000,0.000000,0.000000,0.000000,0.000000,0.000000,0.000000,0.000000,0.000000,0.000000,0.000000,0.000000,0.000000,0.000000,0.000000,0.000000,0.000000,0.000000,0.000000,0.000000,0.000000,0.000000,0.000000,0.000000,0.000000,0.000000,0.000000,0.000000,2023-03-26T16:26:12Z
1021479,3,1.080993,1.497313,1.473728,1.501324,0.000000,0.000000,0.000000,0.000000,0.000000,0.000000,0.000000,0.000000,1.080993,0.983871,32.000000,9.000000,3.000000,0.777737,0.729167,0.996065,8.000000,0.000000,0.913618,0.900000,1.517080,8.000000,1.000000,0.825395,0.784314,1.406564,8.000000,0.000000,0.916065,0.833333,1.498930,0.000000,0.000000,0.000000,0.000000,0.000000,0.000000,0.000000,0.000000,0.000000,0.000000,0.000000,0.000000,0.000000,0.000000,0.000000,0.000000,0.000000,0.000000,0.000000,0.000000,0.000000,0.000000,0.000000,0.000000,0.000000,0.000000,0.000000,0.000000,0.000000,0.000000,0.000000,0.000000,0.000000,0.000000,0.000000,0.000000,0.000000,0.000000,0.000000,0.000000,2023-03-26T16:26:13Z
1028491,0,1.193162,1.497313,1.473728,1.501324,0.000000,0.000000,0.000000,0.000000,0.000000,0.000000,0.000000,0.000000,1.193162,0.991734,32.000000,9.000000,3.000000,0.858438,0.728155,1.000114,8.000000,0.000000,0.913618,0.900000,1.517080,8.000000,1.000000,0.825395,0.784314,1.406564,8.000000,0.000000,0.916065,0.833333,1.498930,0.000000,0.000000,0.000000,0.000000,0.000000,0.000000,0.000000,0.000000,0.000000,0.000000,0.000000,0.000000,0.000000,0.000000,0.000000,0.000000,0.000000,0.000000,0.000000,0.000000,0.000000,0.000000,0.000000,0.000000,0.000000,0.000000,0.000000,0.000000,0.000000,0.000000,0.000000,0.000000,0.000000,0.000000,0.000000,0.000000,0.000000,0.000000,0.000000,0.000000,2023-03-26T16:26:20Z
1069699,1,1.193162,1.499750,1.473728,1.501324,0.000000,0.000000,0.000000,0.000000,0.000000,0.000000,0.000000,0.000000,1.193162,0.991693,32.000000,9.000000,3.000000,0.858438,0.728155,1.007966,8.000000,0.000000,0.915105,0.887850,1.522108,8.000000,1.000000,0.825395,0.784314,1.418140,8.000000,0.000000,0.916065,0.833333,1.505051,0.000000,0.000000,0.000000,0.000000,0.000000,0.000000,0.000000,0.000000,0.000000,0.000000,0.000000,0.000000,0.000000,0.000000,0.000000,0.000000,0.000000,0.000000,0.000000,0.000000,0.000000,0.000000,0.000000,0.000000,0.000000,0.000000,0.000000,0.000000,0.000000,0.000000,0.000000,0.000000,0.000000,0.000000,0.000000,0.000000,0.000000,0.000000,0.000000,0.000000,2023-03-26T16:27:01Z
1071703,3,1.193162,1.499750,1.473728,1.494605,0.000000,0.000000,0.000000,0.000000,0.000000,0.000000,0.000000,0.000000,1.193162,0.991808,32.000000,9.000000,3.000000,0.858438,0.728155,1.007966,8.000000,0.000000,0.915105,0.887850,1.522108,8.000000,1.000000,0.825395,0.784314,1.421842,8.000000,0.000000,0.911965,0.841121,1.506498,0.000000,0.000000,0.000000,0.000000,0.000000,0.000000,0.000000,0.000000,0.000000,0.000000,0.000000,0.000000,0.000000,0.000000,0.000000,0.000000,0.000000,0.000000,0.000000,0.000000,0.000000,0.000000,0.000000,0.000000,0.000000,0.000000,0.000000,0.000000,0.000000,0.000000,0.000000,0.000000,0.000000,0.000000,0.000000,0.000000,0.000000,0.000000,0.000000,0.000000,2023-03-26T16:27:03Z
1080750,2,1.193162,1.499750,1.460266,1.494605,0.000000,0.000000,0.000000,0.000000,0.000000,0.000000,0.000000,0.000000,1.193162,0.991946,32.000000,9.000000,3.000000,0.858438,0.728155,1.007966,8.000000,0.000000,0.915105,0.887850,1.522108,8.000000,1.000000,0.817856,0.787037,1.425471,8.000000,0.000000,0.911965,0.841121,1.506498,0.000000,0.000000,0.000000,0.000000,0.000000,0.000000,0.000000,0.000000,0.000000,0.000000,0.000000,0.000000,0.000000,0.000000,0.000000,0.000000,0.000000,0.000000,0.000000,0.000000,0.000000,0.000000,0.000000,0.000000,0.000000,0.000000,0.000000,0.000000,0.000000,0.000000,0.000000,0.000000,0.000000,0.000000,0.000000,0.000000,0.000000,0.000000,0.000000,0.000000,2023-03-26T16:27:13Z
1108827,0,1.064193,1.499750,1.460266,1.494605,0.000000,0.000000,0.000000,0.000000,0.000000,0.000000,0.000000,0.000000,1.064193,0.982750,32.000000,9.000000,3.000000,0.765650,0.720721,1.019169,8.000000,0.000000,0.915105,0.887850,1.524469,8.000000,1.000000,0.817856,0.787037,1.432516,8.000000,0.000000,0.911965,0.841121,1.510658,0.000000,0.000000,0.000000,0.000000,0.000000,0.000000,0.000000,0.000000,0.000000,0.000000,0.000000,0.000000,0.000000,0.000000,0.000000,0.000000,0.000000,0.000000,0.000000,0.000000,0.000000,0.000000,0.000000,0.000000,0.000000,0.000000,0.000000,0.000000,0.000000,0.000000,0.000000,0.000000,0.000000,0.000000,0.000000,0.000000,0.000000,0.000000,0.000000,0.000000,2023-03-26T16:27:41Z
1121881,3,1.064193,1.499750,1.460266,1.487658,0.000000,0.000000,0.000000,0.000000,0.000000,0.000000,0.000000,0.000000,1.064193,0.982906,32.000000,9.000000,3.000000,0.765650,0.720721,1.019169,8.000000,0.000000,0.915105,0.887850,1.526737,8.000000,1.000000,0.817856,0.787037,1.435936,8.000000,0.000000,0.907727,0.848214,1.513289,0.000000,0.000000,0.000000,0.000000,0.000000,0.000000,0.000000,0.000000,0.000000,0.000000,0.000000,0.000000,0.000000,0.000000,0.000000,0.000000,0.000000,0.000000,0.000000,0.000000,0.000000,0.000000,0.000000,0.000000,0.000000,0.000000,0.000000,0.000000,0.000000,0.000000,0.000000,0.000000,0.000000,0.000000,0.000000,0.000000,0.000000,0.000000,0.000000,0.000000,2023-03-26T16:27:54Z
1129900,1,1.064193,1.486750,1.460266,1.487658,0.000000,0.000000,0.000000,0.000000,0.000000,0.000000,0.000000,0.000000,1.064193,0.983215,32.000000,9.000000,3.000000,0.765650,0.720721,1.022759,8.000000,0.000000,0.907172,0.884956,1.527838,8.000000,1.000000,0.817856,0.787037,1.435936,8.000000,0.000000,0.907727,0.848214,1.513289,0.000000,0.000000,0.000000,0.000000,0.000000,0.000000,0.000000,0.000000,0.000000,0.000000,0.000000,0.000000,0.000000,0.000000,0.000000,0.000000,0.000000,0.000000,0.000000,0.000000,0.000000,0.000000,0.000000,0.000000,0.000000,0.000000,0.000000,0.000000,0.000000,0.000000,0.000000,0.000000,0.000000,0.000000,0.000000,0.000000,0.000000,0.000000,0.000000,0.000000,2023-03-26T16:28:02Z
1140943,2,1.064193,1.486750,1.228544,1.487658,0.000000,0.000000,0.000000,0.000000,0.000000,0.000000,0.000000,0.000000,1.064193,0.981646,32.000000,9.000000,3.000000,0.765650,0.720721,1.026280,8.000000,0.000000,0.907172,0.884956,1.528917,8.000000,1.000000,0.688075,0.789474,1.442581,8.000000,0.000000,0.907727,0.848214,1.514564,0.000000,0.000000,0.000000,0.000000,0.000000,0.000000,0.000000,0.000000,0.000000,0.000000,0.000000,0.000000,0.000000,0.000000,0.000000,0.000000,0.000000,0.000000,0.000000,0.000000,0.000000,0.000000,0.000000,0.000000,0.000000,0.000000,0.000000,0.000000,0.000000,0.000000,0.000000,0.000000,0.000000,0.000000,0.000000,0.000000,0.000000,0.000000,0.000000,0.000000,2023-03-26T16:28:13Z
1172067,3,1.064193,1.486750,1.228544,1.500196,0.000000,0.000000,0.000000,0.000000,0.000000,0.000000,0.000000,0.000000,1.064193,0.981123,32.000000,9.000000,3.000000,0.765650,0.720721,1.033123,8.000000,0.000000,0.907172,0.884956,1.532032,8.000000,1.000000,0.688075,0.789474,1.448979,8.000000,0.000000,0.915377,0.854701,1.519417,0.000000,0.000000,0.000000,0.000000,0.000000,0.000000,0.000000,0.000000,0.000000,0.000000,0.000000,0.000000,0.000000,0.000000,0.000000,0.000000,0.000000,0.000000,0.000000,0.000000,0.000000,0.000000,0.000000,0.000000,0.000000,0.000000,0.000000,0.000000,0.000000,0.000000,0.000000,0.000000,0.000000,0.000000,0.000000,0.000000,0.000000,0.000000,0.000000,0.000000,2023-03-26T16:28:44Z
1179084,0,0.867601,1.486750,1.228544,1.500196,0.000000,0.000000,0.000000,0.000000,0.000000,0.000000,0.000000,0.000000,0.867601,0.960790,32.000000,9.000000,0.000000,0.983413,0.720339,1.036448,8.000000,0.000000,0.907172,0.884956,1.532032,8.000000,1.000000,0.688075,0.789474,1.448979,8.000000,0.000000,0.915377,0.854701,1.519417,0.000000,0.000000,0.000000,0.000000,0.000000,0.000000,0.000000,0.000000,0.000000,0.000000,0.000000,0.000000,0.000000,0.000000,0.000000,0.000000,0.000000,0.000000,0.000000,0.000000,0.000000,0.000000,0.000000,0.000000,0.000000,0.000000,0.000000,0.000000,0.000000,0.000000,0.000000,0.000000,0.000000,0.000000,0.000000,0.000000,0.000000,0.000000,0.000000,0.000000,2023-03-26T16:28:51Z
1180090,1,0.867601,1.490127,1.228544,1.500196,0.000000,0.000000,0.000000,0.000000,0.000000,0.000000,0.000000,0.000000,0.867601,0.960631,32.000000,9.000000,0.000000,0.983413,0.720339,1.036448,8.000000,0.000000,0.909233,0.889831,1.533031,8.000000,1.000000,0.688075,0.789474,1.448979,8.000000,0.000000,0.915377,0.854701,1.519417,0.000000,0.000000,0.000000,0.000000,0.000000,0.000000,0.000000,0.000000,0.000000,0.000000,0.000000,0.000000,0.000000,0.000000,0.000000,0.000000,0.000000,0.000000,0.000000,0.000000,0.000000,0.000000,0.000000,0.000000,0.000000,0.000000,0.000000,0.000000,0.000000,0.000000,0.000000,0.000000,0.000000,0.000000,0.000000,0.000000,0.000000,0.000000,0.000000,0.000000,2023-03-26T16:28:52Z
1211224,2,0.867601,1.490127,1.422910,1.500196,0.000000,0.000000,0.000000,0.000000,0.000000,0.000000,0.000000,0.000000,0.867601,0.961831,32.000000,9.000000,0.000000,0.983413,0.720339,1.029941,8.000000,0.000000,0.909233,0.889831,1.535921,8.000000,1.000000,0.796934,0.785124,1.458139,8.000000,0.000000,0.915377,0.854701,1.522816,0.000000,0.000000,0.000000,0.000000,0.000000,0.000000,0.000000,0.000000,0.000000,0.000000,0.000000,0.000000,0.000000,0.000000,0.000000,0.000000,0.000000,0.000000,0.000000,0.000000,0.000000,0.000000,0.000000,0.000000,0.000000,0.000000,0.000000,0.000000,0.000000,0.000000,0.000000,0.000000,0.000000,0.000000,0.000000,0.000000,0.000000,0.000000,0.000000,0.000000,2023-03-26T16:29:23Z
1222285,3,0.867601,1.490127,1.422910,1.490364,0.000000,0.000000,0.000000,0.000000,0.000000,0.000000,0.000000,0.000000,0.867601,0.962155,32.000000,9.000000,0.000000,0.983413,0.720339,1.027892,8.000000,0.000000,0.909233,0.889831,1.536849,8.000000,1.000000,0.796934,0.785124,1.458139,8.000000,0.000000,0.909378,0.860656,1.524976,0.000000,0.000000,0.000000,0.000000,0.000000,0.000000,0.000000,0.000000,0.000000,0.000000,0.000000,0.000000,0.000000,0.000000,0.000000,0.000000,0.000000,0.000000,0.000000,0.000000,0.000000,0.000000,0.000000,0.000000,0.000000,0.000000,0.000000,0.000000,0.000000,0.000000,0.000000,0.000000,0.000000,0.000000,0.000000,0.000000,0.000000,0.000000,0.000000,0.000000,2023-03-26T16:29:34Z
1229296,0,1.058500,1.490127,1.422910,1.490364,0.000000,0.000000,0.000000,0.000000,0.000000,0.000000,0.000000,0.000000,1.058500,0.983040,32.000000,9.000000,2.000000,0.947206,0.731707,1.025900,8.000000,0.000000,0.909233,0.889831,1.536849,8.000000,1.000000,0.796934,0.785124,1.458139,8.000000,0.000000,0.909378,0.860656,1.524976,0.000000,0.000000,0.000000,0.000000,0.000000,0.000000,0.000000,0.000000,0.000000,0.000000,0.000000,0.000000,0.000000,0.000000,0.000000,0.000000,0.000000,0.000000,0.000000,0.000000,0.000000,0.000000,0.000000,0.000000,0.000000,0.000000,0.000000,0.000000,0.000000,0.000000,0.000000,0.000000,0.000000,0.000000,0.000000,0.000000,0.000000,0.000000,0.000000,0.000000,2023-03-26T16:29:41Z
1230300,1,1.058500,1.499524,1.422910,1.490364,0.000000,0.000000,0.000000,0.000000,0.000000,0.000000,0.000000,0.000000,1.058500,0.982787,32.000000,9.000000,2.000000,0.947206,0.731707,1.025900,8.000000,0.000000,0.914967,0.894309,1.537761,8.000000,1.000000,0.796934,0.785124,1.458139,8.000000,0.000000,0.909378,0.860656,1.524976,0.000000,0.000000,0.000000,0.000000,0.000000,0.000000,0.000000,0.000000,0.000000,0.000000,0.000000,0.000000,0.000000,0.000000,0.000000,0.000000,0.000000,0.000000,0.000000,0.000000,0.000000,0.000000,0.000000,0.000000,0.000000,0.000000,0.000000,0.000000,0.000000,0.000000,0.000000,0.000000,0.000000,0.000000,0.000000,0.000000,0.000000,0.000000,0.000000,0.000000,2023-03-26T16:29:42Z
1279469,0,1.486759,1.499524,1.422910,1.490364,0.000000,0.000000,0.000000,0.000000,0.000000,0.000000,0.000000,0.000000,1.422910,0.999576,32.000000,8.000000,0.000000,0.907178,0.742188,1.030593,8.000000,0.000000,0.914967,0.894309,1.541251,8.000000,1.000000,0.796934,0.785124,1.469604,8.000000,0.000000,0.909378,0.860656,1.529063,0.000000,0.000000,0.000000,0.000000,0.000000,0.000000,0.000000,0.000000,0.000000,0.000000,0.000000,0.000000,0.000000,0.000000,0.000000,0.000000,0.000000,0.000000,0.000000,0.000000,0.000000,0.000000,0.000000,0.000000,0.000000,0.000000,0.000000,0.000000,0.000000,0.000000,0.000000,0.000000,0.000000,0.000000,0.000000,0.000000,0.000000,0.000000,0.000000,0.000000,2023-03-26T16:30:31Z
1280481,1,1.486759,1.565491,1.422910,1.490364,0.000000,0.000000,0.000000,0.000000,0.000000,0.000000,0.000000,0.000000,1.422910,0.998855,32.000000,8.000000,0.000000,0.907178,0.742188,1.030593,8.000000,1.000000,0.876790,0.898438,1.542086,8.000000,1.000000,0.796934,0.785124,1.469604,8.000000,0.000000,0.909378,0.860656,1.529063,0.000000,0.000000,0.000000,0.000000,0.000000,0.000000,0.000000,0.000000,0.000000,0.000000,0.000000,0.000000,0.000000,0.000000,0.000000,0.000000,0.000000,0.000000,0.000000,0.000000,0.000000,0.000000,0.000000,0.000000,0.000000,0.000000,0.000000,0.000000,0.000000,0.000000,0.000000,0.000000,0.000000,0.000000,0.000000,0.000000,0.000000,0.000000,0.000000,0.000000,2023-03-26T16:30:32Z
1282489,3,1.486759,1.565491,1.422910,1.495124,0.000000,0.000000,0.000000,0.000000,0.000000,0.000000,0.000000,0.000000,1.422910,0.998856,32.000000,8.000000,0.000000,0.907178,0.742188,1.030593,8.000000,1.000000,0.876790,0.898438,1.542086,8.000000,1.000000,0.796934,0.785124,1.469604,8.000000,0.000000,0.912282,0.859375,1.530039,0.000000,0.000000,0.000000,0.000000,0.000000,0.000000,0.000000,0.000000,0.000000,0.000000,0.000000,0.000000,0.000000,0.000000,0.000000,0.000000,0.000000,0.000000,0.000000,0.000000,0.000000,0.000000,0.000000,0.000000,0.000000,0.000000,0.000000,0.000000,0.000000,0.000000,0.000000,0.000000,0.000000,0.000000,0.000000,0.000000,0.000000,0.000000,0.000000,0.000000,2023-03-26T16:30:34Z
1291538,2,1.486759,1.565491,1.116542,1.495124,0.000000,0.000000,0.000000,0.000000,0.000000,0.000000,0.000000,0.000000,1.116542,0.984860,32.000000,8.000000,0.000000,0.907178,0.742188,1.034813,8.000000,1.000000,0.876790,0.898438,1.543982,9.000000,2.000000,0.999145,0.775194,1.472346,8.000000,0.000000,0.912282,0.859375,1.530039,0.000000,0.000000,0.000000,0.000000,0.000000,0.000000,0.000000,0.000000,0.000000,0.000000,0.000000,0.000000,0.000000,0.000000,0.000000,0.000000,0.000000,0.000000,0.000000,0.000000,0.000000,0.000000,0.000000,0.000000,0.000000,0.000000,0.000000,0.000000,0.000000,0.000000,0.000000,0.000000,0.000000,0.000000,0.000000,0.000000,0.000000,0.000000,0.000000,0.000000,2023-03-26T16:30:43Z
1329668,0,1.499502,1.565491,1.116542,1.495124,0.000000,0.000000,0.000000,0.000000,0.000000,0.000000,0.000000,0.000000,1.116542,0.984695,32.000000,8.000000,0.000000,0.914953,0.751880,1.051126,8.000000,1.000000,0.876790,0.898438,1.549497,9.000000,2.000000,0.999145,0.775194,1.458172,8.000000,0.000000,0.912282,0.859375,1.532867,0.000000,0.000000,0.000000,0.000000,0.000000,0.000000,0.000000,0.000000,0.000000,0.000000,0.000000,0.000000,0.000000,0.000000,0.000000,0.000000,0.000000,0.000000,0.000000,0.000000,0.000000,0.000000,0.000000,0.000000,0.000000,0.000000,0.000000,0.000000,0.000000,0.000000,0.000000,0.000000,0.000000,0.000000,0.000000,0.000000,0.000000,0.000000,0.000000,0.000000,2023-03-26T16:31:21Z
1330682,1,1.499502,1.501805,1.116542,1.495124,0.000000,0.000000,0.000000,0.000000,0.000000,0.000000,0.000000,0.000000,1.116542,0.986273,32.000000,8.000000,0.000000,0.914953,0.751880,1.051126,8.000000,0.000000,0.916359,0.902256,1.551280,9.000000,2.000000,0.999145,0.775194,1.458172,8.000000,0.000000,0.912282,0.859375,1.532867,0.000000,0.000000,0.000000,0.000000,0.000000,0.000000,0.000000,0.000000,0.000000,0.000000,0.000000,0.000000,0.000000,0.000000,0.000000,0.000000,0.000000,0.000000,0.000000,0.000000,0.000000,0.000000,0.000000,0.000000,0.000000,0.000000,0.000000,0.000000,0.000000,0.000000,0.000000,0.000000,0.000000,0.000000,0.000000,0.000000,0.000000,0.000000,0.000000,0.000000,2023-03-26T16:31:22Z
1341755,2,1.499502,1.501805,1.501488,1.495124,0.000000,0.000000,0.000000,0.000000,0.000000,0.000000,0.000000,0.000000,1.495124,0.999997,32.000000,8.000000,0.000000,0.914953,0.751880,1.055068,8.000000,0.000000,0.916359,0.902256,1.551995,8.000000,0.000000,0.916165,0.783582,1.449335,8.000000,0.000000,0.912282,0.859375,1.533778,0.000000,0.000000,0.000000,0.000000,0.000000,0.000000,0.000000,0.000000,0.000000,0.000000,0.000000,0.000000,0.000000,0.000000,0.000000,0.000000,0.000000,0.000000,0.000000,0.000000,0.000000,0.000000,0.000000,0.000000,0.000000,0.000000,0.000000,0.000000,0.000000,0.000000,0.000000,0.000000,0.000000,0.000000,0.000000,0.000000,0.000000,0.000000,0.000000,0.000000,2023-03-26T16:31:34Z
1342761,3,1.499502,1.501805,1.501488,0.854465,0.000000,0.000000,0.000000,0.000000,0.000000,0.000000,0.000000,0.000000,0.854465,0.958144,32.000000,8.000000,0.000000,0.914953,0.751880,1.055068,8.000000,0.000000,0.916359,0.902256,1.551995,8.000000,0.000000,0.916165,0.783582,1.449335,9.000000,0.000000,0.968524,0.858209,1.534672,0.000000,0.000000,0.000000,0.000000,0.000000,0.000000,0.000000,0.000000,0.000000,0.000000,0.000000,0.000000,0.000000,0.000000,0.000000,0.000000,0.000000,0.000000,0.000000,0.000000,0.000000,0.000000,0.000000,0.000000,0.000000,0.000000,0.000000,0.000000,0.000000,0.000000,0.000000,0.000000,0.000000,0.000000,0.000000,0.000000,0.000000,0.000000,0.000000,0.000000,2023-03-26T16:31:35Z
1381019,1,1.499502,1.500208,1.501488,0.854465,0.000000,0.000000,0.000000,0.000000,0.000000,0.000000,0.000000,0.000000,0.854465,0.958186,32.000000,8.000000,0.000000,0.914953,0.751880,1.066581,8.000000,0.000000,0.915384,0.905797,1.554743,8.000000,0.000000,0.916165,0.783582,1.454234,9.000000,0.000000,0.968524,0.858209,1.505122,0.000000,0.000000,0.000000,0.000000,0.000000,0.000000,0.000000,0.000000,0.000000,0.000000,0.000000,0.000000,0.000000,0.000000,0.000000,0.000000,0.000000,0.000000,0.000000,0.000000,0.000000,0.000000,0.000000,0.000000,0.000000,0.000000,0.000000,0.000000,0.000000,0.000000,0.000000,0.000000,0.000000,0.000000,0.000000,0.000000,0.000000,0.000000,0.000000,0.000000,2023-03-26T16:32:13Z
1389958,0,1.389035,1.500208,1.501488,0.854465,0.000000,0.000000,0.000000,0.000000,0.000000,0.000000,0.000000,0.000000,0.854465,0.959998,32.000000,8.000000,1.000000,0.777961,0.755396,1.070319,8.000000,0.000000,0.915384,0.905797,1.554743,8.000000,0.000000,0.916165,0.783582,1.455811,9.000000,0.000000,0.968524,0.858209,1.495857,0.000000,0.000000,0.000000,0.000000,0.000000,0.000000,0.000000,0.000000,0.000000,0.000000,0.000000,0.000000,0.000000,0.000000,0.000000,0.000000,0.000000,0.000000,0.000000,0.000000,0.000000,0.000000,0.000000,0.000000,0.000000,0.000000,0.000000,0.000000,0.000000,0.000000,0.000000,0.000000,0.000000,0.000000,0.000000,0.000000,0.000000,0.000000,0.000000,0.000000,2023-03-26T16:32:22Z
1391985,2,1.389035,1.500208,1.496638,0.854465,0.000000,0.000000,0.000000,0.000000,0.000000,0.000000,0.000000,0.000000,0.854465,0.960172,32.000000,8.000000,1.000000,0.777961,0.755396,1.070319,8.000000,0.000000,0.915384,0.905797,1.555403,8.000000,0.000000,0.913206,0.791367,1.457361,9.000000,0.000000,0.968524,0.858209,1.495857,0.000000,0.000000,0.000000,0.000000,0.000000,0.000000,0.000000,0.000000,0.000000,0.000000,0.000000,0.000000,0.000000,0.000000,0.000000,0.000000,0.000000,0.000000,0.000000,0.000000,0.000000,0.000000,0.000000,0.000000,0.000000,0.000000,0.000000,0.000000,0.000000,0.000000,0.000000,0.000000,0.000000,0.000000,0.000000,0.000000,0.000000,0.000000,0.000000,0.000000,2023-03-26T16:32:24Z
1392999,3,1.389035,1.500208,1.496638,1.320791,0.000000,0.000000,0.000000,0.000000,0.000000,0.000000,0.000000,0.000000,1.320791,0.997191,32.000000,8.000000,1.000000,0.777961,0.755396,1.070319,8.000000,0.000000,0.915384,0.905797,1.555403,8.000000,0.000000,0.913206,0.791367,1.457361,8.000000,1.000000,0.739739,0.863309,1.486865,0.000000,0.000000,0.000000,0.000000,0.000000,0.000000,0.000000,0.000000,0.000000,0.000000,0.000000,0.000000,0.000000,0.000000,0.000000,0.000000,0.000000,0.000000,0.000000,0.000000,0.000000,0.000000,0.000000,0.000000,0.000000,0.000000,0.000000,0.000000,0.000000,0.000000,0.000000,0.000000,0.000000,0.000000,0.000000,0.000000,0.000000,0.000000,0.000000,0.000000,2023-03-26T16:32:25Z
1431181,1,1.389035,1.453640,1.496638,1.320791,0.000000,0.000000,0.000000,0.000000,0.000000,0.000000,0.000000,0.000000,1.320791,0.997794,32.000000,8.000000,1.000000,0.777961,0.755396,1.082953,8.000000,0.000000,0.886970,0.909091,1.557942,8.000000,0.000000,0.913206,0.791367,1.461859,8.000000,1.000000,0.739739,0.863309,1.493214,0.000000,0.000000,0.000000,0.000000,0.000000,0.000000,0.000000,0.000000,0.000000,0.000000,0.000000,0.000000,0.000000,0.000000,0.000000,0.000000,0.000000,0.000000,0.000000,0.000000,0.000000,0.000000,0.000000,0.000000,0.000000,0.000000,0.000000,0.000000,0.000000,0.000000,0.000000,0.000000,0.000000,0.000000,0.000000,0.000000,0.000000,0.000000,0.000000,0.000000,2023-03-26T16:33:03Z
1442247,2,1.389035,1.453640,1.296686,1.320791,0.000000,0.000000,0.000000,0.000000,0.000000,0.000000,0.000000,0.000000,1.296686,0.997984,32.000000,8.000000,1.000000,0.777961,0.755396,1.087066,8.000000,0.000000,0.886970,0.909091,1.558553,7.000000,0.000000,0.451913,0.798611,1.464736,8.000000,1.000000,0.739739,0.863309,1.493214,0.000000,0.000000,0.000000,0.000000,0.000000,0.000000,0.000000,0.000000,0.000000,0.000000,0.000000,0.000000,0.000000,0.000000,0.000000,0.000000,0.000000,0.000000,0.000000,0.000000,0.000000,0.000000,0.000000,0.000000,0.000000,0.000000,0.000000,0.000000,0.000000,0.000000,0.000000,0.000000,0.000000,0.000000,0.000000,0.000000,0.000000,0.000000,0.000000,0.000000,2023-03-26T16:33:14Z
1450252,0,1.506973,1.453640,1.296686,1.320791,0.000000,0.000000,0.000000,0.000000,0.000000,0.000000,0.000000,0.000000,1.296686,0.996012,32.000000,8.000000,1.000000,0.844015,0.758621,1.091131,8.000000,0.000000,0.886970,0.909091,1.558553,7.000000,0.000000,0.451913,0.798611,1.464736,8.000000,1.000000,0.739739,0.863309,1.493214,0.000000,0.000000,0.000000,0.000000,0.000000,0.000000,0.000000,0.000000,0.000000,0.000000,0.000000,0.000000,0.000000,0.000000,0.000000,0.000000,0.000000,0.000000,0.000000,0.000000,0.000000,0.000000,0.000000,0.000000,0.000000,0.000000,0.000000,0.000000,0.000000,0.000000,0.000000,0.000000,0.000000,0.000000,0.000000,0.000000,0.000000,0.000000,0.000000,0.000000,2023-03-26T16:33:22Z
1463348,3,1.506973,1.453640,1.296686,1.406428,0.000000,0.000000,0.000000,0.000000,0.000000,0.000000,0.000000,0.000000,1.296686,0.997014,32.000000,8.000000,1.000000,0.844015,0.758621,1.095148,8.000000,0.000000,0.886970,0.909091,1.559155,7.000000,0.000000,0.451913,0.798611,1.471224,8.000000,1.000000,0.787702,0.856164,1.497299,0.000000,0.000000,0.000000,0.000000,0.000000,0.000000,0.000000,0.000000,0.000000,0.000000,0.000000,0.000000,0.000000,0.000000,0.000000,0.000000,0.000000,0.000000,0.000000,0.000000,0.000000,0.000000,0.000000,0.000000,0.000000,0.000000,0.000000,0.000000,0.000000,0.000000,0.000000,0.000000,0.000000,0.000000,0.000000,0.000000,0.000000,0.000000,0.000000,0.000000,2023-03-26T16:33:35Z
1491463,1,1.506973,1.490136,1.296686,1.406428,0.000000,0.000000,0.000000,0.000000,0.000000,0.000000,0.000000,0.000000,1.296686,0.996593,32.000000,8.000000,1.000000,0.844015,0.758621,1.106928,8.000000,0.000000,0.909238,0.906040,1.560907,7.000000,0.000000,0.451913,0.798611,1.484022,8.000000,1.000000,0.787702,0.856164,1.501271,0.000000,0.000000,0.000000,0.000000,0.000000,0.000000,0.000000,0.000000,0.000000,0.000000,0.000000,0.000000,0.000000,0.000000,0.000000,0.000000,0.000000,0.000000,0.000000,0.000000,0.000000,0.000000,0.000000,0.000000,0.000000,0.000000,0.000000,0.000000,0.000000,0.000000,0.000000,0.000000,0.000000,0.000000,0.000000,0.000000,0.000000,0.000000,0.000000,0.000000,2023-03-26T16:34:03Z
1500493,0,1.460266,1.490136,1.296686,1.406428,0.000000,0.000000,0.000000,0.000000,0.000000,0.000000,0.000000,0.000000,1.296686,0.997285,32.000000,8.000000,1.000000,0.817856,0.766667,1.110765,8.000000,0.000000,0.909238,0.906040,1.560907,7.000000,0.000000,0.451913,0.798611,1.490334,8.000000,1.000000,0.787702,0.856164,1.501271,0.000000,0.000000,0.000000,0.000000,0.000000,0.000000,0.000000,0.000000,0.000000,0.000000,0.000000,0.000000,0.000000,0.000000,0.000000,0.000000,0.000000,0.000000,0.000000,0.000000,0.000000,0.000000,0.000000,0.000000,0.000000,0.000000,0.000000,0.000000,0.000000,0.000000,0.000000,0.000000,0.000000,0.000000,0.000000,0.000000,0.000000,0.000000,0.000000,0.000000,2023-03-26T16:34:12Z
1512564,2,1.460266,1.490136,1.509383,1.406428,0.000000,0.000000,0.000000,0.000000,0.000000,0.000000,0.000000,0.000000,1.406428,0.999298,32.000000,8.000000,1.000000,0.817856,0.766667,1.114560,8.000000,0.000000,0.909238,0.906040,1.562033,8.000000,1.000000,0.845365,0.794702,1.496588,8.000000,1.000000,0.787702,0.856164,1.503216,0.000000,0.000000,0.000000,0.000000,0.000000,0.000000,0.000000,0.000000,0.000000,0.000000,0.000000,0.000000,0.000000,0.000000,0.000000,0.000000,0.000000,0.000000,0.000000,0.000000,0.000000,0.000000,0.000000,0.000000,0.000000,0.000000,0.000000,0.000000,0.000000,0.000000,0.000000,0.000000,0.000000,0.000000,0.000000,0.000000,0.000000,0.000000,0.000000,0.000000,2023-03-26T16:34:24Z
1523603,3,1.460266,1.490136,1.509383,1.390232,0.000000,0.000000,0.000000,0.000000,0.000000,0.000000,0.000000,0.000000,1.390232,0.999044,32.000000,8.000000,1.000000,0.817856,0.766667,1.118312,8.000000,0.000000,0.909238,0.906040,1.562033,8.000000,1.000000,0.845365,0.794702,1.498678,8.000000,1.000000,0.778632,0.855263,1.507028,0.000000,0.000000,0.000000,0.000000,0.000000,0.000000,0.000000,0.000000,0.000000,0.000000,0.000000,0.000000,0.000000,0.000000,0.000000,0.000000,0.000000,0.000000,0.000000,0.000000,0.000000,0.000000,0.000000,0.000000,0.000000,0.000000,0.000000,0.000000,0.000000,0.000000,0.000000,0.000000,0.000000,0.000000,0.000000,0.000000,0.000000,0.000000,0.000000,0.000000,2023-03-26T16:34:35Z
1550669,0,1.110317,1.490136,1.509383,1.390232,0.000000,0.000000,0.000000,0.000000,0.000000,0.000000,0.000000,0.000000,1.110317,0.986743,32.000000,9.000000,2.000000,0.993575,0.774194,1.129320,8.000000,0.000000,0.909238,0.906040,1.563127,8.000000,1.000000,0.845365,0.794702,1.502770,8.000000,1.000000,0.778632,0.855263,1.507028,0.000000,0.000000,0.000000,0.000000,0.000000,0.000000,0.000000,0.000000,0.000000,0.000000,0.000000,0.000000,0.000000,0.000000,0.000000,0.000000,0.000000,0.000000,0.000000,0.000000,0.000000,0.000000,0.000000,0.000000,0.000000,0.000000,0.000000,0.000000,0.000000,0.000000,0.000000,0.000000,0.000000,0.000000,0.000000,0.000000,0.000000,0.000000,0.000000,0.000000,2023-03-26T16:35:02Z
1551671,1,1.110317,1.456459,1.509383,1.390232,0.000000,0.000000,0.000000,0.000000,0.000000,0.000000,0.000000,0.000000,1.110317,0.987482,32.000000,9.000000,2.000000,0.993575,0.774194,1.129320,8.000000,0.000000,0.888690,0.903226,1.563663,8.000000,1.000000,0.845365,0.794702,1.502770,8.000000,1.000000,0.778632,0.855263,1.507028,0.000000,0.000000,0.000000,0.000000,0.000000,0.000000,0.000000,0.000000,0.000000,0.000000,0.000000,0.000000,0.000000,0.000000,0.000000,0.000000,0.000000,0.000000,0.000000,0.000000,0.000000,0.000000,0.000000,0.000000,0.000000,0.000000,0.000000,0.000000,0.000000,0.000000,0.000000,0.000000,0.000000,0.000000,0.000000,0.000000,0.000000,0.000000,0.000000,0.000000,2023-03-26T16:35:03Z
1562729,2,1.110317,1.456459,1.616886,1.390232,0.000000,0.000000,0.000000,0.000000,0.000000,0.000000,0.000000,0.000000,1.110317,0.983032,32.000000,9.000000,2.000000,0.993575,0.774194,1.129217,8.000000,0.000000,0.888690,0.903226,1.564191,7.000000,0.000000,0.563508,0.801282,1.506746,8.000000,1.000000,0.778632,0.855263,1.508896,0.000000,0.000000,0.000000,0.000000,0.000000,0.000000,0.000000,0.000000,0.000000,0.000000,0.000000,0.000000,0.000000,0.000000,0.000000,0.000000,0.000000,0.000000,0.000000,0.000000,0.000000,0.000000,0.000000,0.000000,0.000000,0.000000,0.000000,0.000000,0.000000,0.000000,0.000000,0.000000,0.000000,0.000000,0.000000,0.000000,0.000000,0.000000,0.000000,0.000000,2023-03-26T16:35:15Z
1600861,0,1.055937,1.456459,1.616886,1.390232,0.000000,0.000000,0.000000,0.000000,0.000000,0.000000,0.000000,0.000000,1.055937,0.978533,32.000000,9.000000,2.000000,0.944913,0.781250,1.128822,8.000000,0.000000,0.888690,0.903226,1.565731,7.000000,0.000000,0.563508,0.801282,1.524402,8.000000,1.000000,0.778632,0.855263,1.512557,0.000000,0.000000,0.000000,0.000000,0.000000,0.000000,0.000000,0.000000,0.000000,0.000000,0.000000,0.000000,0.000000,0.000000,0.000000,0.000000,0.000000,0.000000,0.000000,0.000000,0.000000,0.000000,0.000000,0.000000,0.000000,0.000000,0.000000,0.000000,0.000000,0.000000,0.000000,0.000000,0.000000,0.000000,0.000000,0.000000,0.000000,0.000000,0.000000,0.000000,2023-03-26T16:35:53Z
1611911,1,1.055937,1.537106,1.616886,1.390232,0.000000,0.000000,0.000000,0.000000,0.000000,0.000000,0.000000,0.000000,1.055937,0.977032,32.000000,9.000000,2.000000,0.944913,0.781250,1.128728,8.000000,0.000000,0.937898,0.900621,1.566230,7.000000,0.000000,0.563508,0.801282,1.524402,8.000000,1.000000,0.778632,0.855263,1.512557,0.000000,0.000000,0.000000,0.000000,0.000000,0.000000,0.000000,0.000000,0.000000,0.000000,0.000000,0.000000,0.000000,0.000000,0.000000,0.000000,0.000000,0.000000,0.000000,0.000000,0.000000,0.000000,0.000000,0.000000,0.000000,0.000000,0.000000,0.000000,0.000000,0.000000,0.000000,0.000000,0.000000,0.000000,0.000000,0.000000,0.000000,0.000000,0.000000,0.000000,2023-03-26T16:36:04Z
1623977,3,1.055937,1.537106,1.616886,1.547816,0.000000,0.000000,0.000000,0.000000,0.000000,0.000000,0.000000,0.000000,1.055937,0.976455,32.000000,9.000000,2.000000,0.944913,0.781250,1.128635,8.000000,0.000000,0.937898,0.900621,1.566723,7.000000,0.000000,0.563508,0.801282,1.530186,8.000000,1.000000,0.866890,0.833333,1.516122,0.000000,0.000000,0.000000,0.000000,0.000000,0.000000,0.000000,0.000000,0.000000,0.000000,0.000000,0.000000,0.000000,0.000000,0.000000,0.000000,0.000000,0.000000,0.000000,0.000000,0.000000,0.000000,0.000000,0.000000,0.000000,0.000000,0.000000,0.000000,0.000000,0.000000,0.000000,0.000000,0.000000,0.000000,0.000000,0.000000,0.000000,0.000000,0.000000,0.000000,2023-03-26T16:36:16Z
1633017,2,1.055937,1.537106,0.862465,1.547816,0.000000,0.000000,0.000000,0.000000,0.000000,0.000000,0.000000,0.000000,0.862465,0.945753,32.000000,9.000000,2.000000,0.944913,0.781250,1.128543,8.000000,0.000000,0.937898,0.900621,1.567209,9.000000,0.000000,0.977592,0.797546,1.535921,8.000000,1.000000,0.866890,0.833333,1.516122,0.000000,0.000000,0.000000,0.000000,0.000000,0.000000,0.000000,0.000000,0.000000,0.000000,0.000000,0.000000,0.000000,0.000000,0.000000,0.000000,0.000000,0.000000,0.000000,0.000000,0.000000,0.000000,0.000000,0.000000,0.000000,0.000000,0.000000,0.000000,0.000000,0.000000,0.000000,0.000000,0.000000,0.000000,0.000000,0.000000,0.000000,0.000000,0.000000,0.000000,2023-03-26T16:36:25Z
1651078,0,1.539303,1.537106,0.862465,1.547816,0.000000,0.000000,0.000000,0.000000,0.000000,0.000000,0.000000,0.000000,0.862465,0.956072,32.000000,8.000000,0.000000,0.939239,0.787879,1.128365,8.000000,0.000000,0.937898,0.900621,1.567209,9.000000,0.000000,0.977592,0.797546,1.526942,8.000000,1.000000,0.866890,0.833333,1.519596,0.000000,0.000000,0.000000,0.000000,0.000000,0.000000,0.000000,0.000000,0.000000,0.000000,0.000000,0.000000,0.000000,0.000000,0.000000,0.000000,0.000000,0.000000,0.000000,0.000000,0.000000,0.000000,0.000000,0.000000,0.000000,0.000000,0.000000,0.000000,0.000000,0.000000,0.000000,0.000000,0.000000,0.000000,0.000000,0.000000,0.000000,0.000000,0.000000,0.000000,2023-03-26T16:36:43Z
1672169,1,1.539303,1.503913,0.862465,1.547816,0.000000,0.000000,0.000000,0.000000,0.000000,0.000000,0.000000,0.000000,0.862465,0.956809,32.000000,8.000000,0.000000,0.939239,0.787879,1.133927,8.000000,1.000000,0.842301,0.898204,1.568628,9.000000,0.000000,0.977592,0.797546,1.509704,8.000000,1.000000,0.866890,0.833333,1.522981,0.000000,0.000000,0.000000,0.000000,0.000000,0.000000,0.000000,0.000000,0.000000,0.000000,0.000000,0.000000,0.000000,0.000000,0.000000,0.000000,0.000000,0.000000,0.000000,0.000000,0.000000,0.000000,0.000000,0.000000,0.000000,0.000000,0.000000,0.000000,0.000000,0.000000,0.000000,0.000000,0.000000,0.000000,0.000000,0.000000,0.000000,0.000000,0.000000,0.000000,2023-03-26T16:37:04Z
1674180,3,1.539303,1.503913,0.862465,1.430816,0.000000,0.000000,0.000000,0.000000,0.000000,0.000000,0.000000,0.000000,0.862465,0.959212,32.000000,8.000000,0.000000,0.939239,0.787879,1.133927,8.000000,1.000000,0.842301,0.898204,1.568628,9.000000,0.000000,0.977592,0.797546,1.501426,8.000000,1.000000,0.801362,0.838323,1.524641,0.000000,0.000000,0.000000,0.000000,0.000000,0.000000,0.000000,0.000000,0.000000,0.000000,0.000000,0.000000,0.000000,0.000000,0.000000,0.000000,0.000000,0.000000,0.000000,0.000000,0.000000,0.000000,0.000000,0.000000,0.000000,0.000000,0.000000,0.000000,0.000000,0.000000,0.000000,0.000000,0.000000,0.000000,0.000000,0.000000,0.000000,0.000000,0.000000,0.000000,2023-03-26T16:37:06Z
1683217,2,1.539303,1.503913,1.482669,1.430816,0.000000,0.000000,0.000000,0.000000,0.000000,0.000000,0.000000,0.000000,1.430816,0.999304,32.000000,8.000000,0.000000,0.939239,0.787879,1.136663,8.000000,1.000000,0.842301,0.898204,1.569934,8.000000,0.000000,0.904682,0.803571,1.493363,8.000000,1.000000,0.801362,0.838323,1.524641,0.000000,0.000000,0.000000,0.000000,0.000000,0.000000,0.000000,0.000000,0.000000,0.000000,0.000000,0.000000,0.000000,0.000000,0.000000,0.000000,0.000000,0.000000,0.000000,0.000000,0.000000,0.000000,0.000000,0.000000,0.000000,0.000000,0.000000,0.000000,0.000000,0.000000,0.000000,0.000000,0.000000,0.000000,0.000000,0.000000,0.000000,0.000000,0.000000,0.000000,2023-03-26T16:37:15Z
1701274,0,1.447096,1.503913,1.482669,1.430816,0.000000,0.000000,0.000000,0.000000,0.000000,0.000000,0.000000,0.000000,1.430816,0.999615,32.000000,8.000000,0.000000,0.882977,0.794118,1.142048,8.000000,1.000000,0.842301,0.898204,1.571224,8.000000,0.000000,0.904682,0.803571,1.494376,8.000000,1.000000,0.801362,0.838323,1.527900,0.000000,0.000000,0.000000,0.000000,0.000000,0.000000,0.000000,0.000000,0.000000,0.000000,0.000000,0.000000,0.000000,0.000000,0.000000,0.000000,0.000000,0.000000,0.000000,0.000000,0.000000,0.000000,0.000000,0.000000,0.000000,0.000000,0.000000,0.000000,0.000000,0.000000,0.000000,0.000000,0.000000,0.000000,0.000000,0.000000,0.000000,0.000000,0.000000,0.000000,2023-03-26T16:37:33Z
1722377,1,1.447096,1.407126,1.482669,1.430816,0.000000,0.000000,0.000000,0.000000,0.000000,0.000000,0.000000,0.000000,1.407126,0.979486,32.000000,8.000000,0.000000,0.882977,0.794118,1.147318,7.000000,0.000000,0.350998,0.901163,1.575004,8.000000,0.000000,0.904682,0.803571,1.496360,8.000000,1.000000,0.801362,0.838323,1.529499,0.000000,0.000000,0.000000,0.000000,0.000000,0.000000,0.000000,0.000000,0.000000,0.000000,0.000000,0.000000,0.000000,0.000000,0.000000,0.000000,0.000000,0.000000,0.000000,0.000000,0.000000,0.000000,0.000000,0.000000,0.000000,0.000000,0.000000,0.000000,0.000000,0.000000,0.000000,0.000000,0.000000,0.000000,0.000000,0.000000,0.000000,0.000000,0.000000,0.000000,2023-03-26T16:37:54Z
1733418,2,1.447096,1.407126,1.445459,1.430816,0.000000,0.000000,0.000000,0.000000,0.000000,0.000000,0.000000,0.000000,1.407126,0.980479,32.000000,8.000000,0.000000,0.882977,0.794118,1.149911,7.000000,0.000000,0.350998,0.901163,1.575004,8.000000,0.000000,0.881977,0.809249,1.498291,8.000000,1.000000,0.801362,0.838323,1.531078,0.000000,0.000000,0.000000,0.000000,0.000000,0.000000,0.000000,0.000000,0.000000,0.000000,0.000000,0.000000,0.000000,0.000000,0.000000,0.000000,0.000000,0.000000,0.000000,0.000000,0.000000,0.000000,0.000000,0.000000,0.000000,0.000000,0.000000,0.000000,0.000000,0.000000,0.000000,0.000000,0.000000,0.000000,0.000000,0.000000,0.000000,0.000000,0.000000,0.000000,2023-03-26T16:38:05Z
1734414,3,1.447096,1.407126,1.445459,1.425486,0.000000,0.000000,0.000000,0.000000,0.000000,0.000000,0.000000,0.000000,1.407126,0.980580,32.000000,8.000000,0.000000,0.882977,0.794118,1.149911,7.000000,0.000000,0.350998,0.901163,1.575004,8.000000,0.000000,0.881977,0.809249,1.498291,8.000000,1.000000,0.798376,0.838150,1.532638,0.000000,0.000000,0.000000,0.000000,0.000000,0.000000,0.000000,0.000000,0.000000,0.000000,0.000000,0.000000,0.000000,0.000000,0.000000,0.000000,0.000000,0.000000,0.000000,0.000000,0.000000,0.000000,0.000000,0.000000,0.000000,0.000000,0.000000,0.000000,0.000000,0.000000,0.000000,0.000000,0.000000,0.000000,0.000000,0.000000,0.000000,0.000000,0.000000,0.000000,2023-03-26T16:38:06Z
1761522,0,1.486117,1.407126,1.445459,1.425486,0.000000,0.000000,0.000000,0.000000,0.000000,0.000000,0.000000,0.000000,1.407126,0.979497,32.000000,8.000000,1.000000,0.832334,0.795455,1.155016,7.000000,0.000000,0.350998,0.901163,1.575004,8.000000,0.000000,0.881977,0.809249,1.500169,8.000000,1.000000,0.798376,0.838150,1.535701,0.000000,0.000000,0.000000,0.000000,0.000000,0.000000,0.000000,0.000000,0.000000,0.000000,0.000000,0.000000,0.000000,0.000000,0.000000,0.000000,0.000000,0.000000,0.000000,0.000000,0.000000,0.000000,0.000000,0.000000,0.000000,0.000000,0.000000,0.000000,0.000000,0.000000,0.000000,0.000000,0.000000,0.000000,0.000000,0.000000,0.000000,0.000000,0.000000,0.000000,2023-03-26T16:38:33Z
1793675,2,1.486117,1.407126,1.500246,1.425486,0.000000,0.000000,0.000000,0.000000,0.000000,0.000000,0.000000,0.000000,1.407126,0.978113,32.000000,8.000000,1.000000,0.832334,0.795455,1.161001,7.000000,0.000000,0.350998,0.901163,1.584408,8.000000,0.000000,0.915407,0.810056,1.502895,8.000000,1.000000,0.798376,0.838150,1.538690,0.000000,0.000000,0.000000,0.000000,0.000000,0.000000,0.000000,0.000000,0.000000,0.000000,0.000000,0.000000,0.000000,0.000000,0.000000,0.000000,0.000000,0.000000,0.000000,0.000000,0.000000,0.000000,0.000000,0.000000,0.000000,0.000000,0.000000,0.000000,0.000000,0.000000,0.000000,0.000000,0.000000,0.000000,0.000000,0.000000,0.000000,0.000000,0.000000,0.000000,2023-03-26T16:39:05Z
1794788,3,1.486117,1.407126,1.500246,1.497745,0.000000,0.000000,0.000000,0.000000,0.000000,0.000000,0.000000,0.000000,1.407126,0.976880,32.000000,8.000000,1.000000,0.832334,0.795455,1.161001,7.000000,0.000000,0.350998,0.901163,1.584408,8.000000,0.000000,0.915407,0.810056,1.502895,8.000000,0.000000,0.913881,0.837989,1.540158,0.000000,0.000000,0.000000,0.000000,0.000000,0.000000,0.000000,0.000000,0.000000,0.000000,0.000000,0.000000,0.000000,0.000000,0.000000,0.000000,0.000000,0.000000,0.000000,0.000000,0.000000,0.000000,0.000000,0.000000,0.000000,0.000000,0.000000,0.000000,0.000000,0.000000,0.000000,0.000000,0.000000,0.000000,0.000000,0.000000,0.000000,0.000000,0.000000,0.000000,2023-03-26T16:39:07Z
