TotalTime(ms),Flag,EE1,EE2,EE3,EE4,EE5,EE6,EE7,EE8,minEE,Fair index,Loopcount,SF1,TP1,PRR1,InstantPRR1,InstantEE1,SF2,TP2,PRR2,InstantPRR2,InstantEE2,SF3,TP3,PRR3,InstantPRR3,InstantEE3,SF4,TP4,PRR4,InstantPRR4,InstantEE4,SF5,TP5,PRR5,InstantPRR5,InstantEE5,SF6,TP6,PRR6,InstantPRR6,InstantEE6,SF7,TP7,PRR7,InstantPRR7,InstantEE7,SF8,TP8,PRR8,InstantPRR8,InstantEE8,time
48349,0,0.238874,0.000000,0.000000,0.000000,0.000000,0.000000,0.000000,0.000000,0.238874,NaN,1.000000,11.000000,0.000000,1.000000,1.000000,0.000000,0.000000,0.000000,0.000000,0.000000,0.000000,0.000000,0.000000,0.000000,0.000000,0.000000,0.000000,0.000000,0.000000,0.000000,0.000000,0.000000,0.000000,0.000000,0.000000,0.000000,0.000000,0.000000,0.000000,0.000000,0.000000,0.000000,0.000000,0.000000,0.000000,0.000000,0.000000,0.000000,0.000000,0.000000,0.000000,2023-02-12T20:06:23Z
49359,1,0.238874,0.238874,0.000000,0.000000,0.000000,0.000000,0.000000,0.000000,0.238874,NaN,1.000000,11.000000,0.000000,1.000000,1.000000,0.000000,11.000000,0.000000,1.000000,1.000000,0.000000,0.000000,0.000000,0.000000,0.000000,0.000000,0.000000,0.000000,0.000000,0.000000,0.000000,0.000000,0.000000,0.000000,0.000000,0.000000,0.000000,0.000000,0.000000,0.000000,0.000000,0.000000,0.000000,0.000000,0.000000,0.000000,0.000000,0.000000,0.000000,0.000000,0.000000,2023-02-12T20:06:24Z
50369,2,0.238874,0.238874,0.238874,0.000000,0.000000,0.000000,0.000000,0.000000,0.238874,NaN,1.000000,11.000000,0.000000,1.000000,1.000000,0.000000,11.000000,0.000000,1.000000,1.000000,0.000000,11.000000,0.000000,1.000000,1.000000,0.000000,0.000000,0.000000,0.000000,0.000000,0.000000,0.000000,0.000000,0.000000,0.000000,0.000000,0.000000,0.000000,0.000000,0.000000,0.000000,0.000000,0.000000,0.000000,0.000000,0.000000,0.000000,0.000000,0.000000,0.000000,0.000000,2023-02-12T20:06:25Z
51374,3,0.238874,0.238874,0.238874,0.238874,0.000000,0.000000,0.000000,0.000000,0.238874,NaN,1.000000,11.000000,0.000000,1.000000,1.000000,0.000000,11.000000,0.000000,1.000000,1.000000,0.000000,11.000000,0.000000,1.000000,1.000000,0.000000,11.000000,0.000000,1.000000,1.000000,0.000000,0.000000,0.000000,0.000000,0.000000,0.000000,0.000000,0.000000,0.000000,0.000000,0.000000,0.000000,0.000000,0.000000,0.000000,0.000000,0.000000,0.000000,0.000000,0.000000,0.000000,2023-02-12T20:06:26Z
52380,4,0.238874,0.238874,0.238874,0.238874,0.238874,0.000000,0.000000,0.000000,0.238874,NaN,1.000000,11.000000,0.000000,1.000000,1.000000,0.000000,11.000000,0.000000,1.000000,1.000000,0.000000,11.000000,0.000000,1.000000,1.000000,0.000000,11.000000,0.000000,1.000000,1.000000,0.000000,11.000000,0.000000,1.000000,1.000000,0.000000,0.000000,0.000000,0.000000,0.000000,0.000000,0.000000,0.000000,0.000000,0.000000,0.000000,0.000000,0.000000,0.000000,0.000000,0.000000,2023-02-12T20:06:27Z
53388,5,0.238874,0.238874,0.238874,0.238874,0.238874,0.238874,0.000000,0.000000,0.238874,NaN,1.000000,11.000000,0.000000,1.000000,1.000000,0.000000,11.000000,0.000000,1.000000,1.000000,0.000000,11.000000,0.000000,1.000000,1.000000,0.000000,11.000000,0.000000,1.000000,1.000000,0.000000,11.000000,0.000000,1.000000,1.000000,0.000000,11.000000,0.000000,1.000000,1.000000,0.000000,0.000000,0.000000,0.000000,0.000000,0.000000,0.000000,0.000000,0.000000,0.000000,0.000000,2023-02-12T20:06:28Z
54391,6,0.238874,0.238874,0.238874,0.238874,0.238874,0.238874,0.238874,0.000000,0.238874,NaN,1.000000,11.000000,0.000000,1.000000,1.000000,0.000000,11.000000,0.000000,1.000000,1.000000,0.000000,11.000000,0.000000,1.000000,1.000000,0.000000,11.000000,0.000000,1.000000,1.000000,0.000000,11.000000,0.000000,1.000000,1.000000,0.000000,11.000000,0.000000,1.000000,1.000000,0.000000,11.000000,0.000000,1.000000,1.000000,0.000000,0.000000,0.000000,0.000000,0.000000,0.000000,2023-02-12T20:06:29Z
55403,7,0.238874,0.238874,0.238874,0.238874,0.238874,0.238874,0.238874,0.238874,0.238874,NaN,1.000000,11.000000,0.000000,1.000000,1.000000,0.000000,11.000000,0.000000,1.000000,1.000000,0.000000,11.000000,0.000000,1.000000,1.000000,0.000000,11.000000,0.000000,1.000000,1.000000,0.000000,11.000000,0.000000,1.000000,1.000000,0.000000,11.000000,0.000000,1.000000,1.000000,0.000000,11.000000,0.000000,1.000000,1.000000,0.000000,11.000000,0.000000,1.000000,1.000000,0.000000,2023-02-12T20:06:30Z
98753,0,0.477747,0.238874,0.238874,0.238874,0.238874,0.238874,0.238874,0.238874,0.238874,0.920455,9.000000,10.000000,0.000000,1.000000,1.000000,0.238874,11.000000,0.000000,1.000000,1.000000,0.238874,11.000000,0.000000,1.000000,1.000000,0.238874,11.000000,0.000000,1.000000,1.000000,0.238874,11.000000,0.000000,1.000000,1.000000,0.238874,11.000000,0.000000,1.000000,1.000000,0.238874,11.000000,0.000000,1.000000,1.000000,0.238874,11.000000,0.000000,1.000000,1.000000,0.238874,2023-02-12T20:07:13Z
99759,1,0.477747,0.477747,0.238874,0.238874,0.238874,0.238874,0.238874,0.238874,0.238874,0.892857,9.000000,10.000000,0.000000,1.000000,1.000000,0.238874,10.000000,0.000000,1.000000,1.000000,0.238874,11.000000,0.000000,1.000000,1.000000,0.238874,11.000000,0.000000,1.000000,1.000000,0.238874,11.000000,0.000000,1.000000,1.000000,0.238874,11.000000,0.000000,1.000000,1.000000,0.238874,11.000000,0.000000,1.000000,1.000000,0.238874,11.000000,0.000000,1.000000,1.000000,0.238874,2023-02-12T20:07:14Z
100775,2,0.477747,0.477747,0.477747,0.238874,0.238874,0.238874,0.238874,0.238874,0.238874,0.889706,9.000000,10.000000,0.000000,1.000000,1.000000,0.238874,10.000000,0.000000,1.000000,1.000000,0.238874,10.000000,0.000000,1.000000,1.000000,0.238874,11.000000,0.000000,1.000000,1.000000,0.238874,11.000000,0.000000,1.000000,1.000000,0.238874,11.000000,0.000000,1.000000,1.000000,0.238874,11.000000,0.000000,1.000000,1.000000,0.238874,11.000000,0.000000,1.000000,1.000000,0.238874,2023-02-12T20:07:15Z
101783,3,0.477747,0.477747,0.477747,0.477747,0.238874,0.238874,0.238874,0.238874,0.238874,0.900000,9.000000,10.000000,0.000000,1.000000,1.000000,0.238874,10.000000,0.000000,1.000000,1.000000,0.238874,10.000000,0.000000,1.000000,1.000000,0.238874,10.000000,0.000000,1.000000,1.000000,0.238874,11.000000,0.000000,1.000000,1.000000,0.238874,11.000000,0.000000,1.000000,1.000000,0.238874,11.000000,0.000000,1.000000,1.000000,0.238874,11.000000,0.000000,1.000000,1.000000,0.238874,2023-02-12T20:07:16Z
102796,4,0.477747,0.477747,0.477747,0.477747,0.477747,0.238874,0.238874,0.238874,0.238874,0.918478,9.000000,10.000000,0.000000,1.000000,1.000000,0.238874,10.000000,0.000000,1.000000,1.000000,0.238874,10.000000,0.000000,1.000000,1.000000,0.238874,10.000000,0.000000,1.000000,1.000000,0.238874,10.000000,0.000000,1.000000,1.000000,0.238874,11.000000,0.000000,1.000000,1.000000,0.238874,11.000000,0.000000,1.000000,1.000000,0.238874,11.000000,0.000000,1.000000,1.000000,0.238874,2023-02-12T20:07:17Z
103804,5,0.477747,0.477747,0.477747,0.477747,0.477747,0.477747,0.238874,0.238874,0.238874,0.942308,9.000000,10.000000,0.000000,1.000000,1.000000,0.238874,10.000000,0.000000,1.000000,1.000000,0.238874,10.000000,0.000000,1.000000,1.000000,0.238874,10.000000,0.000000,1.000000,1.000000,0.238874,10.000000,0.000000,1.000000,1.000000,0.238874,10.000000,0.000000,1.000000,1.000000,0.238874,11.000000,0.000000,1.000000,1.000000,0.238874,11.000000,0.000000,1.000000,1.000000,0.238874,2023-02-12T20:07:18Z
104811,6,0.477747,0.477747,0.477747,0.477747,0.477747,0.477747,0.477747,0.238874,0.238874,0.969828,9.000000,10.000000,0.000000,1.000000,1.000000,0.238874,10.000000,0.000000,1.000000,1.000000,0.238874,10.000000,0.000000,1.000000,1.000000,0.238874,10.000000,0.000000,1.000000,1.000000,0.238874,10.000000,0.000000,1.000000,1.000000,0.238874,10.000000,0.000000,1.000000,1.000000,0.238874,10.000000,0.000000,1.000000,1.000000,0.238874,11.000000,0.000000,1.000000,1.000000,0.238874,2023-02-12T20:07:19Z
105819,7,0.477747,0.477747,0.477747,0.477747,0.477747,0.477747,0.477747,0.603275,0.477747,0.992971,10.000000,10.000000,0.000000,1.000000,1.000000,0.238874,10.000000,0.000000,1.000000,1.000000,0.238874,10.000000,0.000000,1.000000,1.000000,0.238874,10.000000,0.000000,1.000000,1.000000,0.238874,10.000000,0.000000,1.000000,1.000000,0.238874,10.000000,0.000000,1.000000,1.000000,0.238874,10.000000,0.000000,1.000000,1.000000,0.238874,10.000000,1.000000,1.000000,1.000000,0.238874,2023-02-12T20:07:20Z
149086,0,0.489347,0.477747,0.477747,0.477747,0.477747,0.477747,0.477747,0.603275,0.477747,0.993136,5.000000,11.000000,4.000000,1.000000,1.000000,0.318498,10.000000,0.000000,1.000000,1.000000,0.307123,10.000000,0.000000,1.000000,1.000000,0.307123,10.000000,0.000000,1.000000,1.000000,0.307123,10.000000,0.000000,1.000000,1.000000,0.307123,10.000000,0.000000,1.000000,1.000000,0.307123,10.000000,0.000000,1.000000,1.000000,0.307123,10.000000,1.000000,1.000000,1.000000,0.326536,2023-02-12T20:08:04Z
150101,1,0.489347,0.489347,0.477747,0.477747,0.477747,0.477747,0.477747,0.603275,0.477747,0.993316,5.000000,11.000000,4.000000,1.000000,1.000000,0.318498,11.000000,4.000000,1.000000,1.000000,0.318498,10.000000,0.000000,1.000000,1.000000,0.307123,10.000000,0.000000,1.000000,1.000000,0.307123,10.000000,0.000000,1.000000,1.000000,0.307123,10.000000,0.000000,1.000000,1.000000,0.307123,10.000000,0.000000,1.000000,1.000000,0.307123,10.000000,1.000000,1.000000,1.000000,0.326536,2023-02-12T20:08:05Z
151113,2,0.489347,0.489347,0.489347,0.477747,0.477747,0.477747,0.477747,0.603275,0.477747,0.993511,5.000000,11.000000,4.000000,1.000000,1.000000,0.318498,11.000000,4.000000,1.000000,1.000000,0.318498,11.000000,4.000000,1.000000,1.000000,0.318498,10.000000,0.000000,1.000000,1.000000,0.307123,10.000000,0.000000,1.000000,1.000000,0.307123,10.000000,0.000000,1.000000,1.000000,0.307123,10.000000,0.000000,1.000000,1.000000,0.307123,10.000000,1.000000,1.000000,1.000000,0.326536,2023-02-12T20:08:06Z
152120,3,0.489347,0.489347,0.489347,0.489347,0.477747,0.477747,0.477747,0.603275,0.477747,0.993720,5.000000,11.000000,4.000000,1.000000,1.000000,0.318498,11.000000,4.000000,1.000000,1.000000,0.318498,11.000000,4.000000,1.000000,1.000000,0.318498,11.000000,4.000000,1.000000,1.000000,0.318498,10.000000,0.000000,1.000000,1.000000,0.307123,10.000000,0.000000,1.000000,1.000000,0.307123,10.000000,0.000000,1.000000,1.000000,0.307123,10.000000,1.000000,1.000000,1.000000,0.326536,2023-02-12T20:08:07Z
153124,4,0.489347,0.489347,0.489347,0.489347,0.489347,0.477747,0.477747,0.603275,0.477747,0.993944,5.000000,11.000000,4.000000,1.000000,1.000000,0.318498,11.000000,4.000000,1.000000,1.000000,0.318498,11.000000,4.000000,1.000000,1.000000,0.318498,11.000000,4.000000,1.000000,1.000000,0.318498,11.000000,4.000000,1.000000,1.000000,0.318498,10.000000,0.000000,1.000000,1.000000,0.307123,10.000000,0.000000,1.000000,1.000000,0.307123,10.000000,1.000000,1.000000,1.000000,0.326536,2023-02-12T20:08:08Z
154127,5,0.489347,0.489347,0.489347,0.489347,0.489347,0.489347,0.477747,0.603275,0.477747,0.994182,5.000000,11.000000,4.000000,1.000000,1.000000,0.318498,11.000000,4.000000,1.000000,1.000000,0.318498,11.000000,4.000000,1.000000,1.000000,0.318498,11.000000,4.000000,1.000000,1.000000,0.318498,11.000000,4.000000,1.000000,1.000000,0.318498,11.000000,4.000000,1.000000,1.000000,0.318498,10.000000,0.000000,1.000000,1.000000,0.307123,10.000000,1.000000,1.000000,1.000000,0.326536,2023-02-12T20:08:09Z
155137,6,0.489347,0.489347,0.489347,0.489347,0.489347,0.489347,0.544154,0.603275,0.489347,0.994075,6.000000,11.000000,4.000000,1.000000,1.000000,0.318498,11.000000,4.000000,1.000000,1.000000,0.318498,11.000000,4.000000,1.000000,1.000000,0.318498,11.000000,4.000000,1.000000,1.000000,0.318498,11.000000,4.000000,1.000000,1.000000,0.318498,11.000000,4.000000,1.000000,1.000000,0.318498,11.000000,5.000000,1.000000,1.000000,0.318498,10.000000,1.000000,1.000000,1.000000,0.326536,2023-02-12T20:08:10Z
156137,7,0.489347,0.489347,0.489347,0.489347,0.489347,0.489347,0.544154,0.614756,0.489347,0.993049,8.000000,11.000000,4.000000,1.000000,1.000000,0.318498,11.000000,4.000000,1.000000,1.000000,0.318498,11.000000,4.000000,1.000000,1.000000,0.318498,11.000000,4.000000,1.000000,1.000000,0.318498,11.000000,4.000000,1.000000,1.000000,0.318498,11.000000,4.000000,1.000000,1.000000,0.318498,11.000000,5.000000,1.000000,1.000000,0.318498,11.000000,7.000000,0.982878,1.000000,0.342235,2023-02-12T20:08:11Z
199438,0,0.603275,0.489347,0.489347,0.489347,0.489347,0.489347,0.544154,0.614756,0.489347,0.990652,10.000000,10.000000,1.000000,1.000000,1.000000,0.360447,11.000000,4.000000,1.000000,1.000000,0.353790,11.000000,4.000000,1.000000,1.000000,0.353790,11.000000,4.000000,1.000000,1.000000,0.353790,11.000000,4.000000,1.000000,1.000000,0.353790,11.000000,4.000000,1.000000,1.000000,0.353790,11.000000,5.000000,1.000000,1.000000,0.361307,11.000000,7.000000,0.982878,1.000000,0.393094,2023-02-12T20:08:54Z
200442,1,0.603275,0.603275,0.489347,0.489347,0.489347,0.489347,0.544154,0.614756,0.489347,0.989882,10.000000,10.000000,1.000000,1.000000,1.000000,0.360447,10.000000,1.000000,1.000000,1.000000,0.360447,11.000000,4.000000,1.000000,1.000000,0.353790,11.000000,4.000000,1.000000,1.000000,0.353790,11.000000,4.000000,1.000000,1.000000,0.353790,11.000000,4.000000,1.000000,1.000000,0.353790,11.000000,5.000000,1.000000,1.000000,0.361307,11.000000,7.000000,0.982878,1.000000,0.393094,2023-02-12T20:08:55Z
201452,2,0.603275,0.603275,0.603275,0.489347,0.489347,0.489347,0.544154,0.614756,0.489347,0.990496,10.000000,10.000000,1.000000,1.000000,1.000000,0.360447,10.000000,1.000000,1.000000,1.000000,0.360447,10.000000,1.000000,1.000000,1.000000,0.360447,11.000000,4.000000,1.000000,1.000000,0.353790,11.000000,4.000000,1.000000,1.000000,0.353790,11.000000,4.000000,1.000000,1.000000,0.353790,11.000000,5.000000,1.000000,1.000000,0.361307,11.000000,7.000000,0.982878,1.000000,0.393094,2023-02-12T20:08:56Z
202459,3,0.603275,0.603275,0.603275,0.603275,0.489347,0.489347,0.544154,0.614756,0.489347,0.992295,10.000000,10.000000,1.000000,1.000000,1.000000,0.360447,10.000000,1.000000,1.000000,1.000000,0.360447,10.000000,1.000000,1.000000,1.000000,0.360447,10.000000,1.000000,1.000000,1.000000,0.360447,11.000000,4.000000,1.000000,1.000000,0.353790,11.000000,4.000000,1.000000,1.000000,0.353790,11.000000,5.000000,1.000000,1.000000,0.361307,11.000000,7.000000,0.982878,1.000000,0.393094,2023-02-12T20:08:57Z
203465,4,0.603275,0.603275,0.603275,0.603275,0.603275,0.489347,0.544154,0.614756,0.489347,0.995118,10.000000,10.000000,1.000000,1.000000,1.000000,0.360447,10.000000,1.000000,1.000000,1.000000,0.360447,10.000000,1.000000,1.000000,1.000000,0.360447,10.000000,1.000000,1.000000,1.000000,0.360447,10.000000,1.000000,1.000000,1.000000,0.360447,11.000000,4.000000,1.000000,1.000000,0.353790,11.000000,5.000000,1.000000,1.000000,0.361307,11.000000,7.000000,0.982878,1.000000,0.393094,2023-02-12T20:08:58Z
204471,5,0.603275,0.603275,0.603275,0.603275,0.603275,0.640181,0.544154,0.614756,0.544154,0.998287,11.000000,10.000000,1.000000,1.000000,1.000000,0.360447,10.000000,1.000000,1.000000,1.000000,0.360447,10.000000,1.000000,1.000000,1.000000,0.360447,10.000000,1.000000,1.000000,1.000000,0.360447,10.000000,1.000000,1.000000,1.000000,0.360447,10.000000,2.000000,1.000000,1.000000,0.360447,11.000000,5.000000,1.000000,1.000000,0.361307,11.000000,7.000000,0.982878,1.000000,0.393094,2023-02-12T20:08:59Z
205479,6,0.603275,0.603275,0.603275,0.603275,0.603275,0.640181,0.640181,0.614756,0.603275,0.999355,11.000000,10.000000,1.000000,1.000000,1.000000,0.360447,10.000000,1.000000,1.000000,1.000000,0.360447,10.000000,1.000000,1.000000,1.000000,0.360447,10.000000,1.000000,1.000000,1.000000,0.360447,10.000000,1.000000,1.000000,1.000000,0.360447,10.000000,2.000000,1.000000,1.000000,0.360447,10.000000,2.000000,1.000000,1.000000,0.369586,11.000000,7.000000,0.982878,1.000000,0.393094,2023-02-12T20:09:00Z
206492,7,0.603275,0.603275,0.603275,0.603275,0.603275,0.640181,0.640181,0.640181,0.603275,0.999162,11.000000,10.000000,1.000000,1.000000,1.000000,0.360447,10.000000,1.000000,1.000000,1.000000,0.360447,10.000000,1.000000,1.000000,1.000000,0.360447,10.000000,1.000000,1.000000,1.000000,0.360447,10.000000,1.000000,1.000000,1.000000,0.360447,10.000000,2.000000,1.000000,1.000000,0.360447,10.000000,2.000000,1.000000,1.000000,0.369586,10.000000,2.000000,1.000000,1.000000,0.403077,2023-02-12T20:09:01Z
249798,0,0.616324,0.603275,0.603275,0.603275,0.603275,0.640181,0.640181,0.640181,0.603275,0.999236,8.000000,11.000000,7.000000,0.985386,1.000000,0.400776,10.000000,1.000000,1.000000,1.000000,0.393819,10.000000,1.000000,1.000000,1.000000,0.393819,10.000000,1.000000,1.000000,1.000000,0.393819,10.000000,1.000000,1.000000,1.000000,0.393819,10.000000,2.000000,1.000000,1.000000,0.396964,10.000000,2.000000,1.000000,1.000000,0.405687,10.000000,2.000000,1.000000,1.000000,0.437164,2023-02-12T20:09:44Z
250804,1,0.616324,0.611633,0.603275,0.603275,0.603275,0.640181,0.640181,0.640181,0.603275,0.999303,8.000000,11.000000,7.000000,0.985386,1.000000,0.400776,11.000000,7.000000,0.977887,1.000000,0.400776,10.000000,1.000000,1.000000,1.000000,0.393819,10.000000,1.000000,1.000000,1.000000,0.393819,10.000000,1.000000,1.000000,1.000000,0.393819,10.000000,2.000000,1.000000,1.000000,0.396964,10.000000,2.000000,1.000000,1.000000,0.405687,10.000000,2.000000,1.000000,1.000000,0.437164,2023-02-12T20:09:45Z
251813,2,0.616324,0.611633,0.613587,0.603275,0.603275,0.640181,0.640181,0.640181,0.603275,0.999386,8.000000,11.000000,7.000000,0.985386,1.000000,0.400776,11.000000,7.000000,0.977887,1.000000,0.400776,11.000000,7.000000,0.981009,1.000000,0.400776,10.000000,1.000000,1.000000,1.000000,0.393819,10.000000,1.000000,1.000000,1.000000,0.393819,10.000000,2.000000,1.000000,1.000000,0.396964,10.000000,2.000000,1.000000,1.000000,0.405687,10.000000,2.000000,1.000000,1.000000,0.437164,2023-02-12T20:09:46Z
252827,3,0.616324,0.611633,0.613587,0.618498,0.603275,0.640181,0.640181,0.640181,0.603275,0.999499,8.000000,11.000000,7.000000,0.985386,1.000000,0.400776,11.000000,7.000000,0.977887,1.000000,0.400776,11.000000,7.000000,0.981009,1.000000,0.400776,11.000000,7.000000,0.988861,1.000000,0.400776,10.000000,1.000000,1.000000,1.000000,0.393819,10.000000,2.000000,1.000000,1.000000,0.396964,10.000000,2.000000,1.000000,1.000000,0.405687,10.000000,2.000000,1.000000,1.000000,0.437164,2023-02-12T20:09:47Z
253840,4,0.616324,0.611633,0.613587,0.618498,0.869025,0.640181,0.640181,0.640181,0.611633,0.984882,17.000000,11.000000,7.000000,0.985386,1.000000,0.400776,11.000000,7.000000,0.977887,1.000000,0.400776,11.000000,7.000000,0.981009,1.000000,0.400776,11.000000,7.000000,0.988861,1.000000,0.400776,9.000000,0.000000,1.000000,1.000000,0.400776,10.000000,2.000000,1.000000,1.000000,0.396964,10.000000,2.000000,1.000000,1.000000,0.405687,10.000000,2.000000,1.000000,1.000000,0.437164,2023-02-12T20:09:48Z
254850,5,0.616324,0.611633,0.613587,0.618498,0.869025,0.869025,0.640181,0.640181,0.611633,0.976225,17.000000,11.000000,7.000000,0.985386,1.000000,0.400776,11.000000,7.000000,0.977887,1.000000,0.400776,11.000000,7.000000,0.981009,1.000000,0.400776,11.000000,7.000000,0.988861,1.000000,0.400776,9.000000,0.000000,1.000000,1.000000,0.400776,9.000000,0.000000,1.000000,1.000000,0.404651,10.000000,2.000000,1.000000,1.000000,0.405687,10.000000,2.000000,1.000000,1.000000,0.437164,2023-02-12T20:09:49Z
255851,6,0.616324,0.611633,0.613587,0.618498,0.869025,0.869025,0.869025,0.640181,0.611633,0.972121,17.000000,11.000000,7.000000,0.985386,1.000000,0.400776,11.000000,7.000000,0.977887,1.000000,0.400776,11.000000,7.000000,0.981009,1.000000,0.400776,11.000000,7.000000,0.988861,1.000000,0.400776,9.000000,0.000000,1.000000,1.000000,0.400776,9.000000,0.000000,1.000000,1.000000,0.404651,9.000000,0.000000,1.000000,1.000000,0.413256,10.000000,2.000000,1.000000,1.000000,0.437164,2023-02-12T20:09:50Z
256864,7,0.616324,0.611633,0.613587,0.618498,0.869025,0.869025,0.869025,0.869025,0.611633,0.971531,17.000000,11.000000,7.000000,0.985386,1.000000,0.400776,11.000000,7.000000,0.977887,1.000000,0.400776,11.000000,7.000000,0.981009,1.000000,0.400776,11.000000,7.000000,0.988861,1.000000,0.400776,9.000000,0.000000,1.000000,1.000000,0.400776,9.000000,0.000000,1.000000,1.000000,0.404651,9.000000,0.000000,1.000000,1.000000,0.413256,9.000000,0.000000,1.000000,1.000000,0.444208,2023-02-12T20:09:51Z
300222,0,0.640181,0.611633,0.613587,0.618498,0.869025,0.869025,0.869025,0.869025,0.611633,0.972923,11.000000,10.000000,2.000000,1.000000,1.000000,0.431800,11.000000,7.000000,0.977887,1.000000,0.426300,11.000000,7.000000,0.981009,1.000000,0.426300,11.000000,7.000000,0.988861,1.000000,0.426300,9.000000,0.000000,1.000000,1.000000,0.440319,9.000000,0.000000,1.000000,1.000000,0.444213,9.000000,0.000000,1.000000,1.000000,0.452838,9.000000,0.000000,1.000000,1.000000,0.483609,2023-02-12T20:10:35Z
301228,1,0.640181,0.640181,0.613587,0.618498,0.869025,0.869025,0.869025,0.869025,0.613587,0.974634,11.000000,10.000000,2.000000,1.000000,1.000000,0.431800,10.000000,2.000000,1.000000,1.000000,0.431800,11.000000,7.000000,0.981009,1.000000,0.426300,11.000000,7.000000,0.988861,1.000000,0.426300,9.000000,0.000000,1.000000,1.000000,0.440319,9.000000,0.000000,1.000000,1.000000,0.444213,9.000000,0.000000,1.000000,1.000000,0.452838,9.000000,0.000000,1.000000,1.000000,0.483609,2023-02-12T20:10:36Z
302238,2,0.640181,0.640181,0.640181,0.618498,0.869025,0.869025,0.869025,0.869025,0.618498,0.976232,11.000000,10.000000,2.000000,1.000000,1.000000,0.431800,10.000000,2.000000,1.000000,1.000000,0.431800,10.000000,2.000000,1.000000,1.000000,0.431800,11.000000,7.000000,0.988861,1.000000,0.426300,9.000000,0.000000,1.000000,1.000000,0.440319,9.000000,0.000000,1.000000,1.000000,0.444213,9.000000,0.000000,1.000000,1.000000,0.452838,9.000000,0.000000,1.000000,1.000000,0.483609,2023-02-12T20:10:37Z
303242,3,0.640181,0.640181,0.640181,0.902410,0.869025,0.869025,0.869025,0.869025,0.640181,0.979288,12.000000,10.000000,2.000000,1.000000,1.000000,0.431800,10.000000,2.000000,1.000000,1.000000,0.431800,10.000000,2.000000,1.000000,1.000000,0.431800,10.000000,3.000000,0.999999,1.000000,0.431800,9.000000,0.000000,1.000000,1.000000,0.440319,9.000000,0.000000,1.000000,1.000000,0.444213,9.000000,0.000000,1.000000,1.000000,0.452838,9.000000,0.000000,1.000000,1.000000,0.483609,2023-02-12T20:10:38Z
304250,4,0.640181,0.640181,0.640181,0.902410,0.902396,0.869025,0.869025,0.869025,0.640181,0.978274,12.000000,10.000000,2.000000,1.000000,1.000000,0.431800,10.000000,2.000000,1.000000,1.000000,0.431800,10.000000,2.000000,1.000000,1.000000,0.431800,10.000000,3.000000,0.999999,1.000000,0.431800,10.000000,3.000000,0.999982,1.000000,0.449182,9.000000,0.000000,1.000000,1.000000,0.444213,9.000000,0.000000,1.000000,1.000000,0.452838,9.000000,0.000000,1.000000,1.000000,0.483609,2023-02-12T20:10:39Z
305265,5,0.640181,0.640181,0.640181,0.902410,0.902396,0.902406,0.869025,0.869025,0.640181,0.977335,12.000000,10.000000,2.000000,1.000000,1.000000,0.431800,10.000000,2.000000,1.000000,1.000000,0.431800,10.000000,2.000000,1.000000,1.000000,0.431800,10.000000,3.000000,0.999999,1.000000,0.431800,10.000000,3.000000,0.999982,1.000000,0.449182,10.000000,3.000000,0.999993,1.000000,0.453072,9.000000,0.000000,1.000000,1.000000,0.452838,9.000000,0.000000,1.000000,1.000000,0.483609,2023-02-12T20:10:40Z
306278,6,0.640181,0.640181,0.640181,0.902410,0.902396,0.902406,0.902411,0.869025,0.640181,0.976471,12.000000,10.000000,2.000000,1.000000,1.000000,0.431800,10.000000,2.000000,1.000000,1.000000,0.431800,10.000000,2.000000,1.000000,1.000000,0.431800,10.000000,3.000000,0.999999,1.000000,0.431800,10.000000,3.000000,0.999982,1.000000,0.449182,10.000000,3.000000,0.999993,1.000000,0.453072,10.000000,3.000000,0.999999,1.000000,0.461682,9.000000,0.000000,1.000000,1.000000,0.483609,2023-02-12T20:10:41Z
307278,7,0.640181,0.640181,0.640181,0.902410,0.902396,0.902406,0.902411,0.902411,0.640181,0.975679,12.000000,10.000000,2.000000,1.000000,1.000000,0.431800,10.000000,2.000000,1.000000,1.000000,0.431800,10.000000,2.000000,1.000000,1.000000,0.431800,10.000000,3.000000,0.999999,1.000000,0.431800,10.000000,3.000000,0.999982,1.000000,0.449182,10.000000,3.000000,0.999993,1.000000,0.453072,10.000000,3.000000,0.999999,1.000000,0.461682,10.000000,3.000000,0.999999,1.000000,0.492343,2023-02-12T20:10:42Z
350673,0,0.869025,0.640181,0.640181,0.902410,0.902396,0.902406,0.902411,0.902411,0.640181,0.982336,17.000000,9.000000,0.000000,1.000000,1.000000,0.456569,10.000000,2.000000,1.000000,1.000000,0.452098,10.000000,2.000000,1.000000,1.000000,0.452098,10.000000,3.000000,0.999999,1.000000,0.465267,10.000000,3.000000,0.999982,1.000000,0.482615,10.000000,3.000000,0.999993,1.000000,0.486484,10.000000,3.000000,0.999999,1.000000,0.495030,10.000000,3.000000,0.999999,1.000000,0.525266,2023-02-12T20:11:25Z
351684,1,0.869025,0.869025,0.640181,0.902410,0.902396,0.902406,0.902411,0.902411,0.640181,0.990410,17.000000,9.000000,0.000000,1.000000,1.000000,0.456569,9.000000,0.000000,1.000000,1.000000,0.456569,10.000000,2.000000,1.000000,1.000000,0.452098,10.000000,3.000000,0.999999,1.000000,0.465267,10.000000,3.000000,0.999982,1.000000,0.482615,10.000000,3.000000,0.999993,1.000000,0.486484,10.000000,3.000000,0.999999,1.000000,0.495030,10.000000,3.000000,0.999999,1.000000,0.525266,2023-02-12T20:11:26Z
352688,2,0.869025,0.869025,1.097351,0.902410,0.902396,0.902406,0.902411,0.902411,0.869025,0.994374,18.000000,9.000000,0.000000,1.000000,1.000000,0.456569,9.000000,0.000000,1.000000,1.000000,0.456569,9.000000,1.000000,0.999991,1.000000,0.456569,10.000000,3.000000,0.999999,1.000000,0.465267,10.000000,3.000000,0.999982,1.000000,0.482615,10.000000,3.000000,0.999993,1.000000,0.486484,10.000000,3.000000,0.999999,1.000000,0.495030,10.000000,3.000000,0.999999,1.000000,0.525266,2023-02-12T20:11:27Z
353701,3,0.869025,0.869025,1.097351,1.097358,0.902396,0.902406,0.902411,0.902411,0.869025,0.990916,18.000000,9.000000,0.000000,1.000000,1.000000,0.456569,9.000000,0.000000,1.000000,1.000000,0.456569,9.000000,1.000000,0.999991,1.000000,0.456569,9.000000,1.000000,0.999998,1.000000,0.472903,10.000000,3.000000,0.999982,1.000000,0.482615,10.000000,3.000000,0.999993,1.000000,0.486484,10.000000,3.000000,0.999999,1.000000,0.495030,10.000000,3.000000,0.999999,1.000000,0.525266,2023-02-12T20:11:28Z
354709,4,0.869025,0.869025,1.097351,1.097358,1.097359,0.902406,0.902411,0.902411,0.869025,0.989071,18.000000,9.000000,0.000000,1.000000,1.000000,0.456569,9.000000,0.000000,1.000000,1.000000,0.456569,9.000000,1.000000,0.999991,1.000000,0.456569,9.000000,1.000000,0.999998,1.000000,0.472903,9.000000,1.000000,0.999998,1.000000,0.490217,10.000000,3.000000,0.999993,1.000000,0.486484,10.000000,3.000000,0.999999,1.000000,0.495030,10.000000,3.000000,0.999999,1.000000,0.525266,2023-02-12T20:11:29Z
355722,5,0.869025,0.869025,1.097351,1.097358,1.097359,1.097357,0.902411,0.902411,0.869025,0.988600,18.000000,9.000000,0.000000,1.000000,1.000000,0.456569,9.000000,0.000000,1.000000,1.000000,0.456569,9.000000,1.000000,0.999991,1.000000,0.456569,9.000000,1.000000,0.999998,1.000000,0.472903,9.000000,1.000000,0.999998,1.000000,0.490217,9.000000,1.000000,0.999997,1.000000,0.494074,10.000000,3.000000,0.999999,1.000000,0.495030,10.000000,3.000000,0.999999,1.000000,0.525266,2023-02-12T20:11:30Z
356735,6,0.869025,0.869025,1.097351,1.097358,1.097359,1.097357,1.097360,0.902411,0.869025,0.989312,18.000000,9.000000,0.000000,1.000000,1.000000,0.456569,9.000000,0.000000,1.000000,1.000000,0.456569,9.000000,1.000000,0.999991,1.000000,0.456569,9.000000,1.000000,0.999998,1.000000,0.472903,9.000000,1.000000,0.999998,1.000000,0.490217,9.000000,1.000000,0.999997,1.000000,0.494074,9.000000,1.000000,0.999999,1.000000,0.502593,10.000000,3.000000,0.999999,1.000000,0.525266,2023-02-12T20:11:31Z
357749,7,0.869025,0.869025,1.097351,1.097358,1.097359,1.097357,1.097360,1.097344,0.869025,0.991048,18.000000,9.000000,0.000000,1.000000,1.000000,0.456569,9.000000,0.000000,1.000000,1.000000,0.456569,9.000000,1.000000,0.999991,1.000000,0.456569,9.000000,1.000000,0.999998,1.000000,0.472903,9.000000,1.000000,0.999998,1.000000,0.490217,9.000000,1.000000,0.999997,1.000000,0.494074,9.000000,1.000000,0.999999,1.000000,0.502593,9.000000,1.000000,0.999985,1.000000,0.532687,2023-02-12T20:11:32Z
401072,0,0.902411,0.869025,1.097351,1.097358,1.097359,1.097357,1.097360,1.097344,0.869025,0.992297,12.000000,10.000000,3.000000,1.000000,1.000000,0.489777,9.000000,0.000000,1.000000,1.000000,0.483570,9.000000,1.000000,0.999991,1.000000,0.490248,9.000000,1.000000,0.999998,1.000000,0.506835,9.000000,1.000000,0.999998,1.000000,0.524347,9.000000,1.000000,0.999997,1.000000,0.528240,9.000000,1.000000,0.999999,1.000000,0.536823,9.000000,1.000000,0.999985,1.000000,0.567013,2023-02-12T20:12:16Z
402082,1,0.902411,0.978016,1.097351,1.097358,1.097359,1.097357,1.097360,1.097344,0.902411,0.995565,13.000000,10.000000,3.000000,1.000000,1.000000,0.489777,10.000000,4.000000,0.999307,1.000000,0.489777,9.000000,1.000000,0.999991,1.000000,0.490248,9.000000,1.000000,0.999998,1.000000,0.506835,9.000000,1.000000,0.999998,1.000000,0.524347,9.000000,1.000000,0.999997,1.000000,0.528240,9.000000,1.000000,0.999999,1.000000,0.536823,9.000000,1.000000,0.999985,1.000000,0.567013,2023-02-12T20:12:17Z
403085,2,0.902411,0.978016,1.589368,1.097358,1.097359,1.097357,1.097360,1.097344,0.902411,0.971857,25.000000,10.000000,3.000000,1.000000,1.000000,0.489777,10.000000,4.000000,0.999307,1.000000,0.489777,8.000000,0.000000,0.997211,1.000000,0.498122,9.000000,1.000000,0.999998,1.000000,0.506835,9.000000,1.000000,0.999998,1.000000,0.524347,9.000000,1.000000,0.999997,1.000000,0.528240,9.000000,1.000000,0.999999,1.000000,0.536823,9.000000,1.000000,0.999985,1.000000,0.567013,2023-02-12T20:12:18Z
404083,3,0.902411,0.978016,1.589368,1.591465,1.097359,1.097357,1.097360,1.097344,0.902411,0.958610,25.000000,10.000000,3.000000,1.000000,1.000000,0.489777,10.000000,4.000000,0.999307,1.000000,0.489777,8.000000,0.000000,0.997211,1.000000,0.498122,8.000000,0.000000,0.998527,1.000000,0.514749,9.000000,1.000000,0.999998,1.000000,0.524347,9.000000,1.000000,0.999997,1.000000,0.528240,9.000000,1.000000,0.999999,1.000000,0.536823,9.000000,1.000000,0.999985,1.000000,0.567013,2023-02-12T20:12:19Z
405088,4,0.902411,0.978016,1.589368,1.591465,1.588798,1.097357,1.097360,1.097344,0.902411,0.952892,25.000000,10.000000,3.000000,1.000000,1.000000,0.489777,10.000000,4.000000,0.999307,1.000000,0.489777,8.000000,0.000000,0.997211,1.000000,0.498122,8.000000,0.000000,0.998527,1.000000,0.514749,8.000000,0.000000,0.996854,1.000000,0.532289,9.000000,1.000000,0.999997,1.000000,0.528240,9.000000,1.000000,0.999999,1.000000,0.536823,9.000000,1.000000,0.999985,1.000000,0.567013,2023-02-12T20:12:20Z
406091,5,0.902411,0.978016,1.589368,1.591465,1.588798,1.592134,1.097360,1.097344,0.902411,0.952358,25.000000,10.000000,3.000000,1.000000,1.000000,0.489777,10.000000,4.000000,0.999307,1.000000,0.489777,8.000000,0.000000,0.997211,1.000000,0.498122,8.000000,0.000000,0.998527,1.000000,0.514749,8.000000,0.000000,0.996854,1.000000,0.532289,8.000000,0.000000,0.998947,1.000000,0.536185,9.000000,1.000000,0.999999,1.000000,0.536823,9.000000,1.000000,0.999985,1.000000,0.567013,2023-02-12T20:12:21Z
407104,6,0.902411,0.978016,1.589368,1.591465,1.588798,1.592134,1.590350,1.097344,0.902411,0.955867,25.000000,10.000000,3.000000,1.000000,1.000000,0.489777,10.000000,4.000000,0.999307,1.000000,0.489777,8.000000,0.000000,0.997211,1.000000,0.498122,8.000000,0.000000,0.998527,1.000000,0.514749,8.000000,0.000000,0.996854,1.000000,0.532289,8.000000,0.000000,0.998947,1.000000,0.536185,8.000000,0.000000,0.997827,1.000000,0.544774,9.000000,1.000000,0.999985,1.000000,0.567013,2023-02-12T20:12:22Z
408119,7,0.902411,0.978016,1.589368,1.591465,1.588798,1.592134,1.590350,1.588290,0.902411,0.962438,25.000000,10.000000,3.000000,1.000000,1.000000,0.489777,10.000000,4.000000,0.999307,1.000000,0.489777,8.000000,0.000000,0.997211,1.000000,0.498122,8.000000,0.000000,0.998527,1.000000,0.514749,8.000000,0.000000,0.996854,1.000000,0.532289,8.000000,0.000000,0.998947,1.000000,0.536185,8.000000,0.000000,0.997827,1.000000,0.544774,8.000000,0.000000,0.996535,1.000000,0.574952,2023-02-12T20:12:23Z
451448,0,1.163498,0.978016,1.589368,1.591465,1.588798,1.592134,1.590350,1.588290,0.978016,0.975873,19.000000,9.000000,2.000000,0.999145,1.000000,0.519469,10.000000,4.000000,0.999307,1.000000,0.516227,8.000000,0.000000,0.997211,1.000000,0.535909,8.000000,0.000000,0.998527,1.000000,0.553160,8.000000,0.000000,0.996854,1.000000,0.571315,8.000000,0.000000,0.998947,1.000000,0.575343,8.000000,0.000000,0.997827,1.000000,0.584212,8.000000,0.000000,0.996535,1.000000,0.615294,2023-02-12T20:13:06Z
452451,1,1.163498,1.500167,1.589368,1.591465,1.588798,1.592134,1.590350,1.588290,1.163498,0.991653,20.000000,9.000000,2.000000,0.999145,1.000000,0.519469,9.000000,3.000000,0.913905,1.000000,0.522399,8.000000,0.000000,0.997211,1.000000,0.535909,8.000000,0.000000,0.998527,1.000000,0.553160,8.000000,0.000000,0.996854,1.000000,0.571315,8.000000,0.000000,0.998947,1.000000,0.575343,8.000000,0.000000,0.997827,1.000000,0.584212,8.000000,0.000000,0.996535,1.000000,0.615294,2023-02-12T20:13:07Z
