Time (s),Main Avg Current (mA),Main Avg Power (mW),Main Avg Voltage (V),Main Min Current (mA),Main Min Power (mW),Main Min Voltage (V),Main Max Current (mA),Main Max Power (mW),Main Max Voltage (V),USB Avg Current (mA),USB Avg Power (mW),USB Avg Voltage (V),USB Min Current (mA),USB Min Power (mW),USB Min Voltage (V),USB Max Current (mA),USB Max Power (mW),USB Max Voltage (V)
0.2000,-0.031,-0.1557,5.022,-0.061,-0.3062,0,58.769,0.0552,5.022,57.972,0,0,-0.061,-0.3062,0,58.769,0.0552,5.022
0.4000,-0.039,-0.1958,5.02,-0.061,-0.3062,0,58.769,0.0552,5.022,58.363,0,0,-0.061,-0.3062,0,58.769,0.0552,5.022
0.6000,-0.015,-0.0753,5.022,-0.061,-0.3062,0,58.795,0.0552,5.022,58.242,0,0,-0.061,-0.3062,0,58.795,0.0552,5.022
0.8000,-0.034,-0.1707,5.02,-0.066,-0.3313,0,58.795,0.0703,5.022,58.281,0,0,-0.066,-0.3313,0,58.795,0.0703,5.022
1.0000,-0.023,-0.1155,5.02,-0.066,-0.3313,0,58.795,0.0703,5.022,58.187,0,0,-0.066,-0.3313,0,58.795,0.0703,5.022
1.2000,-0.033,-0.1657,5.022,-0.069,-0.3465,0,58.795,0.0954,5.022,58.374,0,0,-0.069,-0.3465,0,58.795,0.0954,5.022
1.4000,-0.013,-0.0653,5.02,-0.069,-0.3465,0,58.795,0.0954,5.022,58.334,0,0,-0.069,-0.3465,0,58.795,0.0954,5.022
1.6000,-0.014,-0.0703,5.02,-0.073,-0.3665,0,58.795,0.0954,5.022,58.307,0,0,-0.073,-0.3665,0,58.795,0.0954,5.022
1.8000,-0.025,-0.1255,5.02,-0.073,-0.3665,0,58.795,0.0954,5.024,58.319,0,0,-0.073,-0.3665,0,58.795,0.0954,5.024
2.0000,-0.027,-0.1356,5.022,-0.073,-0.3665,0,58.795,0.0954,5.024,58.252,0,0,-0.073,-0.3665,0,58.795,0.0954,5.024
2.2000,-0.006,-0.0301,5.02,-0.073,-0.3665,0,58.795,0.0954,5.024,58.21,0,0,-0.073,-0.3665,0,58.795,0.0954,5.024
2.4000,-0.016,-0.0803,5.02,-0.073,-0.3665,0,58.795,0.0954,5.024,58.412,0,0,-0.073,-0.3665,0,58.795,0.0954,5.024
2.6000,-0.028,-0.1406,5.02,-0.073,-0.3665,0,58.795,0.0954,5.024,58.453,0,0,-0.073,-0.3665,0,58.795,0.0954,5.024
2.8000,-0.035,-0.1757,5.02,-0.073,-0.3665,0,58.795,0.0954,5.024,58.371,0,0,-0.073,-0.3665,0,58.795,0.0954,5.024
3.0000,-0.027,-0.1355,5.02,-0.073,-0.3665,0,58.795,0.0954,5.024,58.438,0,0,-0.073,-0.3665,0,58.795,0.0954,5.024
3.2000,-0.023,-0.1155,5.02,-0.073,-0.3665,0,58.795,0.0954,5.024,58.451,0,0,-0.073,-0.3665,0,58.795,0.0954,5.024
3.4000,-0.034,-0.1707,5.02,-0.073,-0.3665,0,58.795,0.0954,5.024,58.491,0,0,-0.073,-0.3665,0,58.795,0.0954,5.024
3.6000,-0.016,-0.0803,5.02,-0.073,-0.3665,0,58.795,0.0954,5.024,58.248,0,0,-0.073,-0.3665,0,58.795,0.0954,5.024
3.8000,-0.027,-0.1355,5.02,-0.073,-0.3665,0,58.795,0.0954,5.024,58.626,0,0,-0.073,-0.3665,0,58.795,0.0954,5.024
4.0000,-0.035,-0.1757,5.02,-0.073,-0.3665,0,58.795,0.0954,5.024,58.464,0,0,-0.073,-0.3665,0,58.795,0.0954,5.024
4.2000,-0.01,-0.0502,5.02,-0.073,-0.3665,0,58.795,0.0954,5.024,58.234,0,0,-0.073,-0.3665,0,58.795,0.0954,5.024
4.4000,-0.033,-0.1657,5.02,-0.073,-0.3665,0,58.795,0.0954,5.024,58.274,0,0,-0.073,-0.3665,0,58.795,0.0954,5.024
4.6000,-0.026,-0.1305,5.02,-0.073,-0.3665,0,58.795,0.0954,5.024,58.355,0,0,-0.073,-0.3665,0,58.795,0.0954,5.024
4.8000,-0.03,-0.1506,5.02,-0.073,-0.3665,0,58.795,0.0954,5.024,58.233,0,0,-0.073,-0.3665,0,58.795,0.0954,5.024
5.0000,-0.01,-0.0502,5.016,-0.073,-0.3665,0,72.808,0.1255,5.026,64.165,0,0,-0.073,-0.3665,0,72.808,0.1255,5.026
5.2000,-0.003,-0.0148,4.922,-0.073,-0.3665,0,180.537,0.1306,5.026,177.315,0,0,-0.073,-0.3665,0,180.537,0.1306,5.026
5.4000,-0.01,-0.0492,4.922,-0.073,-0.3665,0,180.537,0.1306,5.026,177.139,0,0,-0.073,-0.3665,0,180.537,0.1306,5.026
5.6000,-0.011,-0.0553,5.024,-0.073,-0.3665,0,180.537,0.1306,5.026,52.557,0,0,-0.073,-0.3665,0,180.537,0.1306,5.026
5.8000,-0.023,-0.1156,5.026,-0.073,-0.3665,0,180.537,0.1306,5.028,52.396,0,0,-0.073,-0.3665,0,180.537,0.1306,5.028
6.0000,-0.015,-0.0754,5.024,-0.073,-0.3665,0,180.537,0.1306,5.028,52.327,0,0,-0.073,-0.3665,0,180.537,0.1306,5.028
6.2000,0,0,5.024,-0.073,-0.3665,0,180.537,0.1306,5.028,52.219,0,0,-0.073,-0.3665,0,180.537,0.1306,5.028
6.4000,-0.019,-0.0955,5.024,-0.073,-0.3665,0,180.537,0.1306,5.028,52.341,0,0,-0.073,-0.3665,0,180.537,0.1306,5.028
6.6000,-0.023,-0.1156,5.026,-0.073,-0.3665,0,180.537,0.1306,5.028,52.219,0,0,-0.073,-0.3665,0,180.537,0.1306,5.028
6.8000,-0.028,-0.1407,5.026,-0.073,-0.3665,0,180.537,0.1306,5.028,52.017,0,0,-0.073,-0.3665,0,180.537,0.1306,5.028
7.0000,-0.011,-0.0553,5.026,-0.073,-0.3665,0,180.537,0.1306,5.028,52.152,0,0,-0.073,-0.3665,0,180.537,0.1306,5.028
7.2000,-0.017,-0.0854,5.026,-0.073,-0.3665,0,180.537,0.1306,5.028,52.192,0,0,-0.073,-0.3665,0,180.537,0.1306,5.028
7.4000,-0.032,-0.1608,5.024,-0.073,-0.3665,0,180.537,0.1306,5.028,52.233,0,0,-0.073,-0.3665,0,180.537,0.1306,5.028
7.6000,-0.017,-0.0853,5.016,-0.073,-0.3665,0,180.537,0.1306,5.028,64.853,0,0,-0.073,-0.3665,0,180.537,0.1306,5.028
7.8000,-0.021,-0.1055,5.026,-0.073,-0.3665,0,180.537,0.1306,5.028,52.125,0,0,-0.073,-0.3665,0,180.537,0.1306,5.028
8.0000,-0.006,-0.0302,5.026,-0.073,-0.3665,0,180.537,0.1306,5.028,52.369,0,0,-0.073,-0.3665,0,180.537,0.1306,5.028
8.2000,-0.028,-0.1407,5.024,-0.073,-0.3665,0,180.537,0.1306,5.028,52.18,0,0,-0.073,-0.3665,0,180.537,0.1306,5.028
8.4000,-0.018,-0.0905,5.026,-0.073,-0.3665,0,180.537,0.1306,5.028,52.315,0,0,-0.073,-0.3665,0,180.537,0.1306,5.028
8.6000,-0.044,-0.2211,5.026,-0.073,-0.3665,0,180.537,0.1306,5.028,52.328,0,0,-0.073,-0.3665,0,180.537,0.1306,5.028
8.8000,-0.008,-0.0402,5.024,-0.073,-0.3665,0,180.537,0.1306,5.028,52.139,0,0,-0.073,-0.3665,0,180.537,0.1306,5.028
9.0000,-0.009,-0.0452,5.026,-0.073,-0.3665,0,180.537,0.1306,5.028,52.288,0,0,-0.073,-0.3665,0,180.537,0.1306,5.028
9.2000,-0.014,-0.0704,5.026,-0.073,-0.3665,0,180.537,0.1306,5.028,52.234,0,0,-0.073,-0.3665,0,180.537,0.1306,5.028
9.4000,-0.022,-0.1106,5.026,-0.073,-0.3665,0,180.537,0.1306,5.028,52.422,0,0,-0.073,-0.3665,0,180.537,0.1306,5.028
9.6000,-0.016,-0.0804,5.026,-0.073,-0.3665,0,180.537,0.1306,5.028,52.262,0,0,-0.073,-0.3665,0,180.537,0.1306,5.028
9.8000,-0.027,-0.1357,5.026,-0.073,-0.3665,0,180.537,0.1306,5.028,52.343,0,0,-0.073,-0.3665,0,180.537,0.1306,5.028
10.0000,-0.018,-0.0905,5.026,-0.073,-0.3665,0,180.537,0.1306,5.028,52.611,0,0,-0.073,-0.3665,0,180.537,0.1306,5.028
10.2000,-0.017,-0.0854,5.026,-0.073,-0.3665,0,180.537,0.1306,5.028,52.436,0,0,-0.073,-0.3665,0,180.537,0.1306,5.028
10.4000,-0.014,-0.0703,5.024,-0.073,-0.3665,0,180.537,0.1306,5.028,52.436,0,0,-0.073,-0.3665,0,180.537,0.1306,5.028
10.6000,-0.011,-0.0553,5.026,-0.073,-0.3665,0,180.537,0.1306,5.028,52.584,0,0,-0.073,-0.3665,0,180.537,0.1306,5.028
10.8000,-0.021,-0.1055,5.026,-0.073,-0.3665,0,180.537,0.1306,5.028,52.625,0,0,-0.073,-0.3665,0,180.537,0.1306,5.028
11.0000,-0.015,-0.0754,5.026,-0.073,-0.3665,0,180.537,0.1306,5.028,52.653,0,0,-0.073,-0.3665,0,180.537,0.1306,5.028
11.2000,-0.018,-0.0905,5.026,-0.073,-0.3665,0,180.537,0.1306,5.028,52.612,0,0,-0.073,-0.3665,0,180.537,0.1306,5.028
11.4000,-0.011,-0.0553,5.026,-0.073,-0.3665,0,180.537,0.1306,5.028,52.558,0,0,-0.073,-0.3665,0,180.537,0.1306,5.028
11.6000,-0.02,-0.1005,5.024,-0.073,-0.3665,0,180.537,0.1306,5.028,52.585,0,0,-0.073,-0.3665,0,180.537,0.1306,5.028
11.8000,-0.01,-0.0502,5.024,-0.073,-0.3665,0,180.537,0.1306,5.028,52.666,0,0,-0.073,-0.3665,0,180.537,0.1306,5.028
12.0000,-0.022,-0.1106,5.026,-0.073,-0.3665,0,180.537,0.1306,5.028,52.68,0,0,-0.073,-0.3665,0,180.537,0.1306,5.028
12.2000,-0.008,-0.0402,5.026,-0.073,-0.3665,0,180.537,0.1306,5.028,52.626,0,0,-0.073,-0.3665,0,180.537,0.1306,5.028
12.4000,-0.012,-0.0603,5.026,-0.073,-0.3665,0,180.537,0.1306,5.028,52.868,0,0,-0.073,-0.3665,0,180.537,0.1306,5.028
12.6000,-0.014,-0.0704,5.026,-0.073,-0.3665,0,180.537,0.1306,5.028,52.652,0,0,-0.073,-0.3665,0,180.537,0.1306,5.028
12.8000,-0.023,-0.1156,5.026,-0.073,-0.3665,0,180.537,0.1306,5.028,52.422,0,0,-0.073,-0.3665,0,180.537,0.1306,5.028
13.0000,-0.025,-0.1257,5.026,-0.073,-0.3665,0,180.537,0.1306,5.028,52.733,0,0,-0.073,-0.3665,0,180.537,0.1306,5.028
13.2000,-0.027,-0.1357,5.026,-0.073,-0.3665,0,180.537,0.1306,5.028,52.746,0,0,-0.073,-0.3665,0,180.537,0.1306,5.028
13.4000,-0.029,-0.1458,5.026,-0.073,-0.3665,0,180.537,0.1306,5.028,52.598,0,0,-0.073,-0.3665,0,180.537,0.1306,5.028
13.6000,-0.02,-0.1005,5.026,-0.073,-0.3665,0,180.537,0.1306,5.028,52.583,0,0,-0.073,-0.3665,0,180.537,0.1306,5.028
13.8000,-0.045,-0.2261,5.024,-0.073,-0.3665,0,180.537,0.1306,5.028,52.624,0,0,-0.073,-0.3665,0,180.537,0.1306,5.028
14.0000,-0.024,-0.1206,5.026,-0.073,-0.3665,0,180.537,0.1306,5.028,52.408,0,0,-0.073,-0.3665,0,180.537,0.1306,5.028
14.2000,-0.017,-0.0854,5.026,-0.073,-0.3665,0,180.537,0.1306,5.028,52.475,0,0,-0.073,-0.3665,0,180.537,0.1306,5.028
14.4000,-0.011,-0.0553,5.024,-0.073,-0.3665,0,180.537,0.1306,5.028,52.489,0,0,-0.073,-0.3665,0,180.537,0.1306,5.028
14.6000,-0.006,-0.0302,5.026,-0.073,-0.3665,0,180.537,0.1306,5.028,52.448,0,0,-0.073,-0.3665,0,180.537,0.1306,5.028
14.8000,-0.007,-0.0352,5.026,-0.073,-0.3665,0,180.537,0.1306,5.028,52.314,0,0,-0.073,-0.3665,0,180.537,0.1306,5.028
15.0000,-0.023,-0.1156,5.024,-0.073,-0.3665,0,180.537,0.1357,5.028,52.489,0,0,-0.073,-0.3665,0,180.537,0.1357,5.028
15.2000,-0.012,-0.0603,5.026,-0.073,-0.3665,0,180.537,0.1357,5.028,52.381,0,0,-0.073,-0.3665,0,180.537,0.1357,5.028
15.4000,-0.02,-0.1005,5.026,-0.073,-0.3665,0,180.537,0.1357,5.028,52.368,0,0,-0.073,-0.3665,0,180.537,0.1357,5.028
15.6000,-0.014,-0.0703,5.024,-0.073,-0.3665,0,180.537,0.1357,5.028,52.314,0,0,-0.073,-0.3665,0,180.537,0.1357,5.028
15.8000,-0.008,-0.0402,5.026,-0.073,-0.3665,0,180.537,0.1357,5.028,52.381,0,0,-0.073,-0.3665,0,180.537,0.1357,5.028
16.0000,-0.016,-0.0804,5.026,-0.073,-0.3665,0,180.537,0.1357,5.028,52.178,0,0,-0.073,-0.3665,0,180.537,0.1357,5.028
16.2000,-0.015,-0.0754,5.026,-0.073,-0.3665,0,180.537,0.1357,5.028,52.407,0,0,-0.073,-0.3665,0,180.537,0.1357,5.028
16.4000,-0.022,-0.1105,5.024,-0.073,-0.3665,0,180.537,0.1357,5.028,52.299,0,0,-0.073,-0.3665,0,180.537,0.1357,5.028
16.6000,-0.013,-0.0653,5.026,-0.073,-0.3665,0,180.537,0.1357,5.028,52.353,0,0,-0.073,-0.3665,0,180.537,0.1357,5.028
16.8000,-0.027,-0.1357,5.026,-0.073,-0.3665,0,180.537,0.1357,5.028,52.313,0,0,-0.073,-0.3665,0,180.537,0.1357,5.028
17.0000,-0.014,-0.0703,5.024,-0.073,-0.3665,0,180.537,0.1357,5.028,52.313,0,0,-0.073,-0.3665,0,180.537,0.1357,5.028
17.2000,0.017,0.0854,5.026,-0.073,-0.3665,0,180.537,0.1357,5.028,52.272,0,0,-0.073,-0.3665,0,180.537,0.1357,5.028
17.4000,-0.008,-0.0402,5.026,-0.073,-0.3665,0,180.537,0.1357,5.028,52.151,0,0,-0.073,-0.3665,0,180.537,0.1357,5.028
17.6000,-0.014,-0.0704,5.026,-0.073,-0.3665,0,180.537,0.1357,5.028,52.34,0,0,-0.073,-0.3665,0,180.537,0.1357,5.028
17.8000,-0.007,-0.0344,4.92,-0.073,-0.3665,0,180.537,0.1357,5.028,177.203,0,0,-0.073,-0.3665,0,180.537,0.1357,5.028
18.0000,-0.024,-0.1181,4.92,-0.073,-0.3665,0,180.537,0.1357,5.028,176.988,0,0,-0.073,-0.3665,0,180.537,0.1357,5.028
18.2000,-0.023,-0.1156,5.026,-0.073,-0.3665,0,180.537,0.1357,5.028,52.407,0,0,-0.073,-0.3665,0,180.537,0.1357,5.028
18.4000,-0.011,-0.0553,5.026,-0.073,-0.3665,0,180.537,0.1357,5.028,52.515,0,0,-0.073,-0.3665,0,180.537,0.1357,5.028
18.6000,-0.013,-0.0653,5.024,-0.073,-0.3665,0,180.537,0.1357,5.028,52.395,0,0,-0.073,-0.3665,0,180.537,0.1357,5.028
18.8000,-0.019,-0.0955,5.024,-0.073,-0.3665,0,180.537,0.1357,5.028,52.381,0,0,-0.073,-0.3665,0,180.537,0.1357,5.028
19.0000,-0.015,-0.0754,5.026,-0.073,-0.3665,0,180.537,0.1357,5.028,52.502,0,0,-0.073,-0.3665,0,180.537,0.1357,5.028
19.2000,-0.026,-0.1306,5.024,-0.073,-0.3665,0,180.537,0.1407,5.028,52.691,0,0,-0.073,-0.3665,0,180.537,0.1407,5.028
19.4000,-0.015,-0.0754,5.026,-0.073,-0.3665,0,180.537,0.1407,5.028,52.381,0,0,-0.073,-0.3665,0,180.537,0.1407,5.028
19.6000,-0.04,-0.201,5.026,-0.073,-0.3665,0,180.537,0.1407,5.028,52.57,0,0,-0.073,-0.3665,0,180.537,0.1407,5.028
19.8000,-0.021,-0.1055,5.026,-0.073,-0.3665,0,180.537,0.1407,5.028,52.745,0,0,-0.073,-0.3665,0,180.537,0.1407,5.028
20.0000,-0.035,-0.1758,5.024,-0.073,-0.3665,0,180.537,0.1407,5.028,52.517,0,0,-0.073,-0.3665,0,180.537,0.1407,5.028
20.2000,-0.003,-0.015,5.014,-0.073,-0.3665,0,180.537,0.1407,5.028,65.365,0,0,-0.073,-0.3665,0,180.537,0.1407,5.028
20.4000,-0.03,-0.1508,5.026,-0.073,-0.3665,0,180.537,0.1407,5.028,52.732,0,0,-0.073,-0.3665,0,180.537,0.1407,5.028
20.6000,-0.028,-0.1407,5.024,-0.073,-0.3665,0,180.537,0.1407,5.028,52.786,0,0,-0.073,-0.3665,0,180.537,0.1407,5.028
20.8000,-0.012,-0.0603,5.024,-0.073,-0.3665,0,180.537,0.1407,5.028,52.839,0,0,-0.073,-0.3665,0,180.537,0.1407,5.028
21.0000,-0.002,-0.0101,5.026,-0.073,-0.3665,0,180.537,0.1407,5.028,52.866,0,0,-0.073,-0.3665,0,180.537,0.1407,5.028
21.2000,-0.008,-0.0402,5.024,-0.073,-0.3665,0,180.537,0.1407,5.028,52.718,0,0,-0.073,-0.3665,0,180.537,0.1407,5.028
21.4000,-0.012,-0.0603,5.026,-0.073,-0.3665,0,180.537,0.1407,5.028,52.624,0,0,-0.073,-0.3665,0,180.537,0.1407,5.028
21.6000,-0.014,-0.0704,5.026,-0.073,-0.3665,0,180.537,0.1407,5.028,52.907,0,0,-0.073,-0.3665,0,180.537,0.1407,5.028
21.8000,-0.027,-0.1357,5.026,-0.073,-0.3665,0,180.537,0.1407,5.028,52.88,0,0,-0.073,-0.3665,0,180.537,0.1407,5.028
22.0000,-0.009,-0.0452,5.026,-0.073,-0.3665,0,180.537,0.1407,5.028,52.57,0,0,-0.073,-0.3665,0,180.537,0.1407,5.028
22.2000,-0.022,-0.1105,5.024,-0.073,-0.3665,0,180.537,0.1407,5.028,52.705,0,0,-0.073,-0.3665,0,180.537,0.1407,5.028
22.4000,0.004,0.0201,5.026,-0.073,-0.3665,0,180.537,0.1407,5.028,52.718,0,0,-0.073,-0.3665,0,180.537,0.1407,5.028
22.6000,-0.03,-0.1507,5.024,-0.073,-0.3665,0,180.537,0.1407,5.028,52.624,0,0,-0.073,-0.3665,0,180.537,0.1407,5.028
22.8000,0,0,5.024,-0.073,-0.3665,0,180.537,0.1407,5.028,52.678,0,0,-0.073,-0.3665,0,180.537,0.1407,5.028
23.0000,-0.029,-0.1458,5.026,-0.073,-0.3665,0,180.537,0.1407,5.028,52.57,0,0,-0.073,-0.3665,0,180.537,0.1407,5.028
23.2000,-0.026,-0.1307,5.026,-0.073,-0.3665,0,180.537,0.1407,5.028,52.489,0,0,-0.073,-0.3665,0,180.537,0.1407,5.028
23.4000,-0.021,-0.1055,5.026,-0.073,-0.3665,0,180.537,0.1407,5.028,52.502,0,0,-0.073,-0.3665,0,180.537,0.1407,5.028
23.6000,-0.025,-0.1257,5.026,-0.073,-0.3665,0,180.537,0.1407,5.028,52.475,0,0,-0.073,-0.3665,0,180.537,0.1407,5.028
23.8000,-0.039,-0.196,5.026,-0.073,-0.3665,0,180.537,0.1407,5.028,52.651,0,0,-0.073,-0.3665,0,180.537,0.1407,5.028
24.0000,-0.031,-0.1557,5.024,-0.073,-0.3665,0,180.537,0.1407,5.028,52.368,0,0,-0.073,-0.3665,0,180.537,0.1407,5.028
24.2000,-0.007,-0.0352,5.024,-0.073,-0.3665,0,180.537,0.1407,5.028,52.529,0,0,-0.073,-0.3665,0,180.537,0.1407,5.028
24.4000,-0.013,-0.0653,5.026,-0.073,-0.3665,0,180.537,0.1407,5.028,52.475,0,0,-0.073,-0.3665,0,180.537,0.1407,5.028
24.6000,-0.013,-0.0653,5.026,-0.073,-0.3665,0,180.537,0.1407,5.028,52.326,0,0,-0.073,-0.3665,0,180.537,0.1407,5.028
24.8000,-0.025,-0.1256,5.024,-0.073,-0.3665,0,180.537,0.1407,5.028,52.448,0,0,-0.073,-0.3665,0,180.537,0.1407,5.028
25.0000,-0.002,-0.0101,5.026,-0.073,-0.3665,0,180.537,0.1407,5.028,52.421,0,0,-0.073,-0.3665,0,180.537,0.1407,5.028
25.2000,-0.009,-0.0452,5.026,-0.073,-0.3665,0,180.537,0.1407,5.028,52.137,0,0,-0.073,-0.3665,0,180.537,0.1407,5.028
25.4000,-0.014,-0.0704,5.026,-0.073,-0.3665,0,180.537,0.1407,5.028,52.245,0,0,-0.073,-0.3665,0,180.537,0.1407,5.028
25.6000,-0.025,-0.1256,5.024,-0.073,-0.3665,0,180.537,0.1407,5.028,52.259,0,0,-0.073,-0.3665,0,180.537,0.1407,5.028
25.8000,-0.015,-0.0754,5.024,-0.073,-0.3665,0,180.537,0.1407,5.028,52.34,0,0,-0.073,-0.3665,0,180.537,0.1407,5.028
26.0000,-0.032,-0.1608,5.026,-0.073,-0.3665,0,180.537,0.1407,5.028,52.353,0,0,-0.073,-0.3665,0,180.537,0.1407,5.028
26.2000,-0.02,-0.1005,5.024,-0.073,-0.3665,0,180.537,0.1407,5.028,52.354,0,0,-0.073,-0.3665,0,180.537,0.1407,5.028
26.4000,-0.025,-0.1256,5.024,-0.073,-0.3665,0,180.537,0.1407,5.028,52.368,0,0,-0.073,-0.3665,0,180.537,0.1407,5.028
26.6000,-0.015,-0.0754,5.026,-0.073,-0.3665,0,180.537,0.1407,5.028,52.192,0,0,-0.073,-0.3665,0,180.537,0.1407,5.028
26.8000,-0.031,-0.1557,5.024,-0.073,-0.3665,0,180.537,0.1407,5.028,52.367,0,0,-0.073,-0.3665,0,180.537,0.1407,5.028
27.0000,-0.023,-0.1156,5.024,-0.073,-0.3665,0,180.537,0.1407,5.028,52.501,0,0,-0.073,-0.3665,0,180.537,0.1407,5.028
27.2000,-0.025,-0.1257,5.026,-0.073,-0.3665,0,180.537,0.1407,5.028,52.434,0,0,-0.073,-0.3665,0,180.537,0.1407,5.028
27.4000,-0.017,-0.0854,5.024,-0.073,-0.3665,0,180.537,0.1407,5.028,52.367,0,0,-0.073,-0.3665,0,180.537,0.1407,5.028
27.6000,-0.022,-0.1105,5.024,-0.073,-0.3665,0,180.537,0.1407,5.028,52.474,0,0,-0.073,-0.3665,0,180.537,0.1407,5.028
27.8000,0.004,0.0201,5.026,-0.073,-0.3665,0,180.537,0.1407,5.028,52.609,0,0,-0.073,-0.3665,0,180.537,0.1407,5.028
28.0000,-0.01,-0.0503,5.026,-0.073,-0.3665,0,180.537,0.1407,5.028,52.556,0,0,-0.073,-0.3665,0,180.537,0.1407,5.028
28.2000,-0.021,-0.1055,5.026,-0.073,-0.3665,0,180.537,0.1407,5.028,52.57,0,0,-0.073,-0.3665,0,180.537,0.1407,5.028
28.4000,-0.019,-0.0955,5.026,-0.073,-0.3665,0,180.537,0.1407,5.028,52.745,0,0,-0.073,-0.3665,0,180.537,0.1407,5.028
28.6000,0,0,5.026,-0.073,-0.3665,0,180.537,0.1407,5.028,52.354,0,0,-0.073,-0.3665,0,180.537,0.1407,5.028
28.8000,-0.02,-0.1005,5.026,-0.073,-0.3665,0,180.537,0.1407,5.028,52.651,0,0,-0.073,-0.3665,0,180.537,0.1407,5.028
29.0000,-0.005,-0.0251,5.026,-0.073,-0.3665,0,180.537,0.1407,5.028,52.826,0,0,-0.073,-0.3665,0,180.537,0.1407,5.028
29.2000,-0.003,-0.0151,5.026,-0.073,-0.3665,0,180.537,0.1407,5.028,52.462,0,0,-0.073,-0.3665,0,180.537,0.1407,5.028
29.4000,-0.017,-0.0854,5.026,-0.073,-0.3665,0,180.537,0.1407,5.028,52.664,0,0,-0.073,-0.3665,0,180.537,0.1407,5.028
29.6000,-0.024,-0.1206,5.026,-0.073,-0.3665,0,180.537,0.1407,5.028,52.706,0,0,-0.073,-0.3665,0,180.537,0.1407,5.028
29.8000,-0.03,-0.1508,5.026,-0.073,-0.3665,0,180.537,0.1407,5.028,52.881,0,0,-0.073,-0.3665,0,180.537,0.1407,5.028
30.0000,-0.009,-0.0452,5.026,-0.073,-0.3665,0,180.537,0.1407,5.028,52.773,0,0,-0.073,-0.3665,0,180.537,0.1407,5.028
30.2000,-0.006,-0.0302,5.026,-0.073,-0.3665,0,180.537,0.1407,5.028,52.922,0,0,-0.073,-0.3665,0,180.537,0.1407,5.028
30.4000,-0.011,-0.0541,4.922,-0.073,-0.3665,0,180.537,0.1407,5.028,177.564,0,0,-0.073,-0.3665,0,180.537,0.1407,5.028
30.6000,-0.019,-0.0935,4.922,-0.073,-0.3665,0,180.537,0.1407,5.028,177.439,0,0,-0.073,-0.3665,0,180.537,0.1407,5.028
30.8000,-0.004,-0.0201,5.024,-0.073,-0.3665,0,180.537,0.1407,5.028,53.366,0,0,-0.073,-0.3665,0,180.537,0.1407,5.028
31.0000,-0.015,-0.0754,5.024,-0.073,-0.3665,0,180.537,0.1407,5.028,52.827,0,0,-0.073,-0.3665,0,180.537,0.1407,5.028
31.2000,-0.027,-0.1357,5.026,-0.073,-0.3665,0,180.537,0.1407,5.028,52.787,0,0,-0.073,-0.3665,0,180.537,0.1407,5.028
31.4000,-0.017,-0.0854,5.026,-0.073,-0.3665,0,180.537,0.1407,5.028,52.611,0,0,-0.073,-0.3665,0,180.537,0.1407,5.028
31.6000,-0.021,-0.1055,5.026,-0.073,-0.3665,0,180.537,0.1407,5.028,52.827,0,0,-0.073,-0.3665,0,180.537,0.1407,5.028
31.8000,-0.029,-0.1454,5.014,-0.073,-0.3665,0,180.537,0.1407,5.028,65.151,0,0,-0.073,-0.3665,0,180.537,0.1407,5.028
32.0000,-0.017,-0.0854,5.026,-0.073,-0.3665,0,180.537,0.1407,5.028,52.584,0,0,-0.073,-0.3665,0,180.537,0.1407,5.028
32.2000,-0.003,-0.0151,5.024,-0.073,-0.3665,0,180.537,0.1407,5.028,52.679,0,0,-0.073,-0.3665,0,180.537,0.1407,5.028
32.4000,-0.02,-0.1005,5.026,-0.073,-0.3665,0,180.537,0.1407,5.028,52.598,0,0,-0.073,-0.3665,0,180.537,0.1407,5.028
32.6000,-0.016,-0.0804,5.026,-0.073,-0.3665,0,180.537,0.1407,5.028,52.328,0,0,-0.073,-0.3665,0,180.537,0.1407,5.028
32.8000,-0.029,-0.1455,5.016,-0.073,-0.3665,0,180.537,0.1407,5.028,65.124,0,0,-0.073,-0.3665,0,180.537,0.1407,5.028
33.0000,0.002,0.01,5.014,-0.073,-0.3665,0,180.537,0.1407,5.028,65.217,0,0,-0.073,-0.3665,0,180.537,0.1407,5.028
33.2000,-0.016,-0.0804,5.026,-0.073,-0.3665,0,180.537,0.1407,5.028,52.516,0,0,-0.073,-0.3665,0,180.537,0.1407,5.028
33.4000,-0.01,-0.0503,5.026,-0.073,-0.3665,0,180.537,0.1407,5.028,52.408,0,0,-0.073,-0.3665,0,180.537,0.1407,5.028
33.6000,-0.011,-0.0553,5.026,-0.073,-0.3665,0,180.537,0.1407,5.028,52.449,0,0,-0.073,-0.3665,0,180.537,0.1407,5.028
33.8000,-0.031,-0.1558,5.026,-0.073,-0.3665,0,180.537,0.1407,5.028,52.247,0,0,-0.073,-0.3665,0,180.537,0.1407,5.028
34.0000,-0.011,-0.0553,5.026,-0.073,-0.3665,0,180.537,0.1407,5.028,52.381,0,0,-0.073,-0.3665,0,180.537,0.1407,5.028
34.2000,-0.025,-0.1257,5.026,-0.073,-0.3665,0,180.537,0.1407,5.028,52.287,0,0,-0.073,-0.3665,0,180.537,0.1407,5.028
34.4000,-0.016,-0.0804,5.026,-0.073,-0.3665,0,180.537,0.1407,5.028,52.327,0,0,-0.073,-0.3665,0,180.537,0.1407,5.028
34.6000,-0.014,-0.0704,5.026,-0.073,-0.3665,0,180.537,0.1407,5.028,52.192,0,0,-0.073,-0.3665,0,180.537,0.1407,5.028
34.8000,-0.037,-0.186,5.026,-0.073,-0.3665,0,180.537,0.1407,5.028,52.354,0,0,-0.073,-0.3665,0,180.537,0.1407,5.028
35.0000,-0.017,-0.0854,5.026,-0.073,-0.3665,0,180.537,0.1407,5.028,52.462,0,0,-0.073,-0.3665,0,180.537,0.1407,5.028
35.2000,-0.027,-0.1356,5.024,-0.073,-0.3665,0,180.537,0.1407,5.028,52.273,0,0,-0.073,-0.3665,0,180.537,0.1407,5.028
35.4000,-0.018,-0.0904,5.024,-0.073,-0.3665,0,180.537,0.1407,5.028,52.245,0,0,-0.073,-0.3665,0,180.537,0.1407,5.028
35.6000,-0.014,-0.0703,5.024,-0.073,-0.3665,0,180.537,0.1407,5.028,52.353,0,0,-0.073,-0.3665,0,180.537,0.1407,5.028
35.8000,-0.029,-0.1457,5.024,-0.073,-0.3665,0,180.537,0.1407,5.028,52.232,0,0,-0.073,-0.3665,0,180.537,0.1407,5.028
36.0000,-0.005,-0.0251,5.026,-0.073,-0.3665,0,180.537,0.1407,5.028,52.354,0,0,-0.073,-0.3665,0,180.537,0.1407,5.028
36.2000,-0.042,-0.211,5.024,-0.073,-0.3665,0,180.537,0.1407,5.028,52.368,0,0,-0.073,-0.3665,0,180.537,0.1407,5.028
36.4000,-0.023,-0.1156,5.024,-0.073,-0.3665,0,180.537,0.1407,5.028,52.448,0,0,-0.073,-0.3665,0,180.537,0.1407,5.028
36.6000,-0.026,-0.1307,5.026,-0.073,-0.3665,0,180.537,0.1407,5.028,52.408,0,0,-0.073,-0.3665,0,180.537,0.1407,5.028
36.8000,-0.022,-0.1105,5.024,-0.073,-0.3665,0,180.537,0.1407,5.028,52.529,0,0,-0.073,-0.3665,0,180.537,0.1407,5.028
37.0000,-0.015,-0.0754,5.026,-0.073,-0.3665,0,180.537,0.1407,5.028,52.582,0,0,-0.073,-0.3665,0,180.537,0.1407,5.028
37.2000,-0.048,-0.2412,5.026,-0.073,-0.3665,0,180.537,0.1407,5.028,52.393,0,0,-0.073,-0.3665,0,180.537,0.1407,5.028
37.4000,-0.011,-0.0553,5.024,-0.073,-0.3665,0,180.537,0.1407,5.028,52.555,0,0,-0.073,-0.3665,0,180.537,0.1407,5.028
37.6000,-0.008,-0.0402,5.026,-0.073,-0.3665,0,180.537,0.1407,5.028,52.651,0,0,-0.073,-0.3665,0,180.537,0.1407,5.028
37.8000,-0.004,-0.0201,5.024,-0.073,-0.3665,0,180.537,0.1407,5.028,52.448,0,0,-0.073,-0.3665,0,180.537,0.1407,5.028
38.0000,-0.028,-0.1407,5.026,-0.073,-0.3665,0,180.537,0.1407,5.028,52.718,0,0,-0.073,-0.3665,0,180.537,0.1407,5.028
38.2000,-0.008,-0.0402,5.026,-0.073,-0.3665,0,180.537,0.1407,5.028,52.651,0,0,-0.073,-0.3665,0,180.537,0.1407,5.028
38.4000,-0.026,-0.1307,5.026,-0.073,-0.3665,0,180.537,0.1407,5.028,52.732,0,0,-0.073,-0.3665,0,180.537,0.1407,5.028
38.6000,-0.009,-0.0452,5.026,-0.073,-0.3665,0,180.537,0.1407,5.028,52.636,0,0,-0.073,-0.3665,0,180.537,0.1407,5.028
38.8000,-0.02,-0.1005,5.024,-0.073,-0.3665,0,180.537,0.1407,5.028,52.759,0,0,-0.073,-0.3665,0,180.537,0.1407,5.028
39.0000,-0.032,-0.1608,5.026,-0.073,-0.3665,0,180.537,0.1407,5.028,52.853,0,0,-0.073,-0.3665,0,180.537,0.1407,5.028
39.2000,-0.008,-0.0402,5.026,-0.073,-0.3665,0,180.537,0.1407,5.028,52.691,0,0,-0.073,-0.3665,0,180.537,0.1407,5.028
39.4000,-0.033,-0.1659,5.026,-0.073,-0.3665,0,180.537,0.1407,5.028,52.759,0,0,-0.073,-0.3665,0,180.537,0.1407,5.028
39.6000,-0.024,-0.1206,5.024,-0.073,-0.3665,0,180.537,0.1407,5.028,52.853,0,0,-0.073,-0.3665,0,180.537,0.1407,5.028
39.8000,-0.041,-0.2061,5.026,-0.073,-0.3665,0,180.537,0.1407,5.028,52.583,0,0,-0.073,-0.3665,0,180.537,0.1407,5.028
40.0000,-0.007,-0.0352,5.026,-0.073,-0.3665,0,180.537,0.1407,5.028,52.92,0,0,-0.073,-0.3665,0,180.537,0.1407,5.028
40.2000,-0.011,-0.0553,5.026,-0.073,-0.3665,0,180.537,0.1407,5.028,52.812,0,0,-0.073,-0.3665,0,180.537,0.1407,5.028
40.4000,-0.014,-0.0704,5.026,-0.073,-0.3665,0,180.537,0.1407,5.028,52.839,0,0,-0.073,-0.3665,0,180.537,0.1407,5.028
40.6000,-0.029,-0.1458,5.026,-0.073,-0.3665,0,180.537,0.1407,5.028,52.867,0,0,-0.073,-0.3665,0,180.537,0.1407,5.028
40.8000,-0.01,-0.0502,5.024,-0.073,-0.3665,0,180.537,0.1407,5.028,52.733,0,0,-0.073,-0.3665,0,180.537,0.1407,5.028
41.0000,-0.025,-0.1257,5.026,-0.073,-0.3665,0,180.537,0.1407,5.028,52.746,0,0,-0.073,-0.3665,0,180.537,0.1407,5.028
41.2000,-0.019,-0.0955,5.026,-0.073,-0.3665,0,180.537,0.1407,5.028,52.584,0,0,-0.073,-0.3665,0,180.537,0.1407,5.028
41.4000,-0.015,-0.0754,5.026,-0.073,-0.3665,0,180.537,0.1407,5.028,52.611,0,0,-0.073,-0.3665,0,180.537,0.1407,5.028
41.6000,-0.041,-0.2061,5.026,-0.073,-0.3665,0,180.537,0.1407,5.028,52.746,0,0,-0.073,-0.3665,0,180.537,0.1407,5.028
41.8000,-0.027,-0.1357,5.026,-0.073,-0.3665,0,180.537,0.1407,5.028,52.436,0,0,-0.073,-0.3665,0,180.537,0.1407,5.028
42.0000,-0.026,-0.1306,5.024,-0.073,-0.3665,0,180.537,0.1407,5.028,52.624,0,0,-0.073,-0.3665,0,180.537,0.1407,5.028
42.2000,-0.017,-0.0854,5.024,-0.073,-0.3665,0,180.537,0.1407,5.028,52.583,0,0,-0.073,-0.3665,0,180.537,0.1407,5.028
42.4000,-0.028,-0.1407,5.026,-0.073,-0.3665,0,180.537,0.1407,5.028,52.543,0,0,-0.073,-0.3665,0,180.537,0.1407,5.028
42.6000,-0.02,-0.1005,5.024,-0.073,-0.3665,0,180.537,0.1407,5.028,52.543,0,0,-0.073,-0.3665,0,180.537,0.1407,5.028
42.8000,-0.013,-0.0653,5.026,-0.073,-0.3665,0,180.537,0.1407,5.028,52.543,0,0,-0.073,-0.3665,0,180.537,0.1407,5.028
43.0000,-0.005,-0.0246,4.92,-0.073,-0.3665,0,180.537,0.1407,5.028,179.701,0,0,-0.073,-0.3665,0,180.537,0.1407,5.028
43.2000,-0.02,-0.0984,4.922,-0.073,-0.3665,0,180.537,0.1407,5.028,176.506,0,0,-0.073,-0.3665,0,180.537,0.1407,5.028
43.4000,0,0,4.92,-0.073,-0.3665,0,180.537,0.1407,5.028,176.87,0,0,-0.073,-0.3665,0,180.537,0.1407,5.028
43.6000,-0.035,-0.1759,5.026,-0.073,-0.3665,0,180.537,0.1407,5.028,52.597,0,0,-0.073,-0.3665,0,180.537,0.1407,5.028
43.8000,-0.024,-0.1206,5.024,-0.073,-0.3665,0,180.537,0.1407,5.028,52.3,0,0,-0.073,-0.3665,0,180.537,0.1407,5.028
44.0000,-0.005,-0.0251,5.026,-0.073,-0.3665,0,180.537,0.1407,5.028,52.328,0,0,-0.073,-0.3665,0,180.537,0.1407,5.028
44.2000,-0.036,-0.1809,5.026,-0.073,-0.3665,0,180.537,0.1407,5.028,52.328,0,0,-0.073,-0.3665,0,180.537,0.1407,5.028
44.4000,-0.019,-0.0955,5.026,-0.073,-0.3665,0,180.537,0.1407,5.028,52.315,0,0,-0.073,-0.3665,0,180.537,0.1407,5.028
44.6000,-0.035,-0.1758,5.024,-0.073,-0.3665,0,180.537,0.1407,5.028,52.382,0,0,-0.073,-0.3665,0,180.537,0.1407,5.028
44.8000,-0.027,-0.1356,5.024,-0.073,-0.3665,0,180.537,0.1407,5.028,52.342,0,0,-0.073,-0.3665,0,180.537,0.1407,5.028
45.0000,-0.026,-0.1307,5.026,-0.073,-0.3665,0,180.537,0.1407,5.028,52.219,0,0,-0.073,-0.3665,0,180.537,0.1407,5.028
45.2000,-0.023,-0.1156,5.026,-0.073,-0.3665,0,180.537,0.1407,5.028,52.273,0,0,-0.073,-0.3665,0,180.537,0.1407,5.028
45.4000,-0.029,-0.1458,5.026,-0.073,-0.3665,0,180.537,0.1407,5.028,52.368,0,0,-0.073,-0.3665,0,180.537,0.1407,5.028
45.6000,-0.024,-0.1204,5.016,-0.073,-0.3665,0,180.537,0.1407,5.028,64.866,0,0,-0.073,-0.3665,0,180.537,0.1407,5.028
45.8000,-0.009,-0.0452,5.026,-0.073,-0.3665,0,180.537,0.1407,5.028,52.408,0,0,-0.073,-0.3665,0,180.537,0.1407,5.028
46.0000,-0.027,-0.1357,5.026,-0.073,-0.3665,0,180.537,0.1407,5.028,52.421,0,0,-0.073,-0.3665,0,180.537,0.1407,5.028
46.2000,-0.025,-0.1257,5.026,-0.073,-0.3665,0,180.537,0.1407,5.028,52.206,0,0,-0.073,-0.3665,0,180.537,0.1407,5.028
46.4000,-0.025,-0.1257,5.026,-0.073,-0.3665,0,180.537,0.1407,5.028,52.529,0,0,-0.073,-0.3665,0,180.537,0.1407,5.028
46.6000,-0.024,-0.1206,5.026,-0.073,-0.3665,0,180.537,0.1407,5.028,52.435,0,0,-0.073,-0.3665,0,180.537,0.1407,5.028
46.8000,-0.031,-0.1557,5.024,-0.073,-0.3665,0,180.537,0.1407,5.028,52.381,0,0,-0.073,-0.3665,0,180.537,0.1407,5.028
47.0000,-0.025,-0.1256,5.024,-0.073,-0.3665,0,180.537,0.1407,5.028,52.448,0,0,-0.073,-0.3665,0,180.537,0.1407,5.028
47.2000,-0.012,-0.0603,5.026,-0.073,-0.3665,0,180.537,0.1407,5.028,52.421,0,0,-0.073,-0.3665,0,180.537,0.1407,5.028
47.4000,0,0,5.026,-0.073,-0.3665,0,180.537,0.1407,5.028,52.3,0,0,-0.073,-0.3665,0,180.537,0.1407,5.028
47.6000,-0.006,-0.0302,5.026,-0.073,-0.3665,0,180.537,0.1407,5.028,52.49,0,0,-0.073,-0.3665,0,180.537,0.1407,5.028
47.8000,-0.015,-0.0754,5.024,-0.073,-0.3665,0,180.537,0.1407,5.028,52.598,0,0,-0.073,-0.3665,0,180.537,0.1407,5.028
48.0000,-0.035,-0.1759,5.026,-0.073,-0.3665,0,180.537,0.1407,5.028,52.315,0,0,-0.073,-0.3665,0,180.537,0.1407,5.028
48.2000,-0.02,-0.1005,5.024,-0.073,-0.3665,0,180.537,0.1407,5.028,52.449,0,0,-0.073,-0.3665,0,180.537,0.1407,5.028
48.4000,-0.017,-0.0854,5.026,-0.073,-0.3665,0,180.537,0.1407,5.028,52.557,0,0,-0.073,-0.3665,0,180.537,0.1407,5.028
48.6000,-0.009,-0.0452,5.026,-0.073,-0.3665,0,180.537,0.1407,5.028,52.449,0,0,-0.073,-0.3665,0,180.537,0.1407,5.028
48.8000,-0.04,-0.201,5.024,-0.073,-0.3665,0,180.537,0.1407,5.028,52.571,0,0,-0.073,-0.3665,0,180.537,0.1407,5.028
49.0000,-0.018,-0.0904,5.024,-0.073,-0.3665,0,180.537,0.1407,5.028,52.638,0,0,-0.073,-0.3665,0,180.537,0.1407,5.028
49.2000,-0.004,-0.0201,5.026,-0.073,-0.3665,0,180.537,0.1407,5.028,52.652,0,0,-0.073,-0.3665,0,180.537,0.1407,5.028
49.4000,-0.014,-0.0704,5.026,-0.073,-0.3665,0,180.537,0.1407,5.028,52.598,0,0,-0.073,-0.3665,0,180.537,0.1407,5.028
49.6000,-0.017,-0.0854,5.024,-0.073,-0.3665,0,180.537,0.1407,5.028,52.665,0,0,-0.073,-0.3665,0,180.537,0.1407,5.028
49.8000,0.001,0.005,5.026,-0.073,-0.3665,0,180.537,0.1407,5.028,52.854,0,0,-0.073,-0.3665,0,180.537,0.1407,5.028
50.0000,-0.015,-0.0754,5.026,-0.073,-0.3665,0,180.537,0.1407,5.028,52.693,0,0,-0.073,-0.3665,0,180.537,0.1407,5.028
50.2000,-0.012,-0.0603,5.024,-0.073,-0.3665,0,180.537,0.1407,5.028,52.653,0,0,-0.073,-0.3665,0,180.537,0.1407,5.028
50.4000,-0.013,-0.0653,5.026,-0.073,-0.3665,0,180.537,0.1407,5.028,52.828,0,0,-0.073,-0.3665,0,180.537,0.1407,5.028
50.6000,-0.018,-0.0905,5.026,-0.073,-0.3665,0,180.537,0.1407,5.028,52.545,0,0,-0.073,-0.3665,0,180.537,0.1407,5.028
50.8000,-0.033,-0.1658,5.024,-0.073,-0.3665,0,180.537,0.1407,5.028,52.815,0,0,-0.073,-0.3665,0,180.537,0.1407,5.028
51.0000,-0.02,-0.1005,5.024,-0.073,-0.3665,0,180.537,0.1407,5.028,52.748,0,0,-0.073,-0.3665,0,180.537,0.1407,5.028
51.2000,-0.027,-0.1357,5.026,-0.073,-0.3665,0,180.537,0.1407,5.028,52.748,0,0,-0.073,-0.3665,0,180.537,0.1407,5.028
51.4000,-0.018,-0.0905,5.026,-0.073,-0.3665,0,180.537,0.1407,5.028,52.762,0,0,-0.073,-0.3665,0,180.537,0.1407,5.028
51.6000,-0.027,-0.1356,5.024,-0.073,-0.3665,0,180.537,0.1407,5.028,52.883,0,0,-0.073,-0.3665,0,180.537,0.1407,5.028
51.8000,-0.018,-0.0904,5.024,-0.073,-0.3665,0,180.537,0.1407,5.028,52.802,0,0,-0.073,-0.3665,0,180.537,0.1407,5.028
52.0000,-0.035,-0.1759,5.026,-0.073,-0.3665,0,180.537,0.1407,5.028,52.748,0,0,-0.073,-0.3665,0,180.537,0.1407,5.028
52.2000,-0.045,-0.2261,5.024,-0.073,-0.3665,0,180.537,0.1407,5.028,52.816,0,0,-0.073,-0.3665,0,180.537,0.1407,5.028
52.4000,-0.024,-0.1206,5.024,-0.073,-0.3665,0,180.537,0.1407,5.028,52.735,0,0,-0.073,-0.3665,0,180.537,0.1407,5.028
52.6000,-0.01,-0.0502,5.024,-0.073,-0.3665,0,180.537,0.1407,5.028,52.64,0,0,-0.073,-0.3665,0,180.537,0.1407,5.028
52.8000,-0.01,-0.0503,5.026,-0.073,-0.3665,0,180.537,0.1458,5.028,52.883,0,0,-0.073,-0.3665,0,180.537,0.1458,5.028
53.0000,-0.032,-0.1608,5.024,-0.073,-0.3665,0,180.537,0.1458,5.028,52.895,0,0,-0.073,-0.3665,0,180.537,0.1458,5.028
53.2000,-0.005,-0.0251,5.026,-0.073,-0.3665,0,180.537,0.1458,5.028,52.788,0,0,-0.073,-0.3665,0,180.537,0.1458,5.028
53.4000,-0.012,-0.0603,5.026,-0.073,-0.3665,0,180.537,0.1458,5.028,52.72,0,0,-0.073,-0.3665,0,180.537,0.1458,5.028
53.6000,-0.003,-0.0151,5.024,-0.073,-0.3665,0,180.537,0.1458,5.028,52.868,0,0,-0.073,-0.3665,0,180.537,0.1458,5.028
53.8000,-0.014,-0.0704,5.026,-0.073,-0.3665,0,180.537,0.1458,5.028,52.747,0,0,-0.073,-0.3665,0,180.537,0.1458,5.028
54.0000,-0.01,-0.0502,5.024,-0.073,-0.3665,0,180.537,0.1458,5.028,52.639,0,0,-0.073,-0.3665,0,180.537,0.1458,5.028
54.2000,-0.013,-0.0653,5.026,-0.073,-0.3665,0,180.537,0.1458,5.028,52.666,0,0,-0.073,-0.3665,0,180.537,0.1458,5.028
54.4000,-0.003,-0.0151,5.024,-0.073,-0.3665,0,180.537,0.1458,5.028,52.626,0,0,-0.073,-0.3665,0,180.537,0.1458,5.028
54.6000,-0.003,-0.0151,5.026,-0.073,-0.3665,0,180.537,0.1458,5.028,52.518,0,0,-0.073,-0.3665,0,180.537,0.1458,5.028
54.8000,-0.035,-0.1759,5.026,-0.073,-0.3665,0,180.537,0.1458,5.028,52.599,0,0,-0.073,-0.3665,0,180.537,0.1458,5.028
55.0000,-0.013,-0.0653,5.026,-0.073,-0.3665,0,180.537,0.1458,5.028,52.653,0,0,-0.073,-0.3665,0,180.537,0.1458,5.028
55.2000,-0.015,-0.0754,5.026,-0.073,-0.3665,0,180.537,0.1458,5.028,52.558,0,0,-0.073,-0.3665,0,180.537,0.1458,5.028
55.4000,-0.022,-0.1106,5.026,-0.073,-0.3665,0,180.537,0.1458,5.028,52.45,0,0,-0.073,-0.3665,0,180.537,0.1458,5.028
55.6000,-0.015,-0.0754,5.026,-0.073,-0.3665,0,180.537,0.1458,5.028,52.396,0,0,-0.073,-0.3665,0,180.537,0.1458,5.028
55.8000,-0.001,-0.0049,4.92,-0.073,-0.3665,0,180.537,0.1458,5.028,177.035,0,0,-0.073,-0.3665,0,180.537,0.1458,5.028
56.0000,-0.009,-0.0443,4.92,-0.073,-0.3665,0,180.537,0.1458,5.028,176.968,0,0,-0.073,-0.3665,0,180.537,0.1458,5.028
56.2000,-0.021,-0.1055,5.026,-0.073,-0.3665,0,180.537,0.1458,5.028,52.449,0,0,-0.073,-0.3665,0,180.537,0.1458,5.028
56.4000,-0.005,-0.0251,5.026,-0.073,-0.3665,0,180.537,0.1458,5.028,52.476,0,0,-0.073,-0.3665,0,180.537,0.1458,5.028
56.6000,-0.024,-0.1206,5.026,-0.073,-0.3665,0,180.537,0.1458,5.028,52.369,0,0,-0.073,-0.3665,0,180.537,0.1458,5.028
56.8000,-0.021,-0.1055,5.024,-0.073,-0.3665,0,180.537,0.1458,5.028,52.369,0,0,-0.073,-0.3665,0,180.537,0.1458,5.028
57.0000,-0.01,-0.0503,5.026,-0.073,-0.3665,0,180.537,0.1458,5.028,52.342,0,0,-0.073,-0.3665,0,180.537,0.1458,5.028
57.2000,-0.015,-0.0754,5.026,-0.073,-0.3665,0,180.537,0.1458,5.028,52.301,0,0,-0.073,-0.3665,0,180.537,0.1458,5.028
57.4000,-0.04,-0.201,5.026,-0.073,-0.3665,0,180.537,0.1458,5.028,52.315,0,0,-0.073,-0.3665,0,180.537,0.1458,5.028
57.6000,-0.029,-0.1457,5.024,-0.073,-0.3665,0,180.537,0.1458,5.028,52.327,0,0,-0.073,-0.3665,0,180.537,0.1458,5.028
57.8000,-0.021,-0.1055,5.026,-0.073,-0.3665,0,180.537,0.1458,5.028,52.287,0,0,-0.073,-0.3665,0,180.537,0.1458,5.028
58.0000,-0.032,-0.1608,5.026,-0.073,-0.3665,0,180.537,0.1458,5.028,52.354,0,0,-0.073,-0.3665,0,180.537,0.1458,5.028
58.2000,-0.016,-0.0802,5.014,-0.073,-0.3665,0,180.537,0.1458,5.028,65.042,0,0,-0.073,-0.3665,0,180.537,0.1458,5.028
58.4000,-0.008,-0.0402,5.026,-0.073,-0.3665,0,180.537,0.1458,5.028,52.448,0,0,-0.073,-0.3665,0,180.537,0.1458,5.028
58.6000,-0.02,-0.1005,5.026,-0.073,-0.3665,0,180.537,0.1458,5.028,52.125,0,0,-0.073,-0.3665,0,180.537,0.1458,5.028
58.8000,-0.025,-0.1256,5.024,-0.073,-0.3665,0,180.537,0.1458,5.028,52.354,0,0,-0.073,-0.3665,0,180.537,0.1458,5.028
59.0000,-0.015,-0.0754,5.024,-0.073,-0.3665,0,180.537,0.1458,5.028,52.408,0,0,-0.073,-0.3665,0,180.537,0.1458,5.028
59.2000,-0.011,-0.0553,5.026,-0.073,-0.3665,0,180.537,0.1458,5.028,52.354,0,0,-0.073,-0.3665,0,180.537,0.1458,5.028
59.4000,-0.008,-0.0402,5.026,-0.073,-0.3665,0,180.537,0.1458,5.028,52.421,0,0,-0.073,-0.3665,0,180.537,0.1458,5.028
59.6000,-0.025,-0.1256,5.024,-0.073,-0.3665,0,180.537,0.1458,5.028,52.449,0,0,-0.073,-0.3665,0,180.537,0.1458,5.028
59.8000,-0.008,-0.0402,5.024,-0.073,-0.3665,0,180.537,0.1458,5.028,52.422,0,0,-0.073,-0.3665,0,180.537,0.1458,5.028
60.0000,-0.014,-0.0704,5.026,-0.073,-0.3665,0,180.537,0.1458,5.028,52.543,0,0,-0.073,-0.3665,0,180.537,0.1458,5.028
60.2000,-0.02,-0.1005,5.026,-0.073,-0.3665,0,180.537,0.1458,5.028,52.57,0,0,-0.073,-0.3665,0,180.537,0.1458,5.028
60.4000,-0.038,-0.1909,5.024,-0.073,-0.3665,0,180.537,0.1458,5.028,52.516,0,0,-0.073,-0.3665,0,180.537,0.1458,5.028
60.6000,0,0,5.024,-0.073,-0.3665,0,180.537,0.1458,5.028,52.421,0,0,-0.073,-0.3665,0,180.537,0.1458,5.028
60.8000,-0.001,-0.005,5.026,-0.073,-0.3665,0,180.537,0.1458,5.028,52.583,0,0,-0.073,-0.3665,0,180.537,0.1458,5.028
61.0000,-0.022,-0.1106,5.026,-0.073,-0.3665,0,180.537,0.1458,5.028,52.665,0,0,-0.073,-0.3665,0,180.537,0.1458,5.028
61.2000,-0.003,-0.0151,5.024,-0.073,-0.3665,0,180.537,0.1458,5.028,52.517,0,0,-0.073,-0.3665,0,180.537,0.1458,5.028
61.4000,-0.022,-0.1105,5.024,-0.073,-0.3665,0,180.537,0.1458,5.028,52.625,0,0,-0.073,-0.3665,0,180.537,0.1458,5.028
61.6000,-0.037,-0.186,5.026,-0.073,-0.3665,0,180.537,0.1458,5.028,52.637,0,0,-0.073,-0.3665,0,180.537,0.1458,5.028
61.8000,-0.027,-0.1357,5.026,-0.073,-0.3665,0,180.537,0.1458,5.028,52.583,0,0,-0.073,-0.3665,0,180.537,0.1458,5.028
62.0000,-0.029,-0.1457,5.024,-0.073,-0.3665,0,180.537,0.1458,5.028,52.719,0,0,-0.073,-0.3665,0,180.537,0.1458,5.028
62.2000,-0.027,-0.1357,5.026,-0.073,-0.3665,0,180.537,0.1458,5.028,52.746,0,0,-0.073,-0.3665,0,180.537,0.1458,5.028
62.4000,-0.028,-0.1407,5.024,-0.073,-0.3665,0,180.537,0.1458,5.028,52.746,0,0,-0.073,-0.3665,0,180.537,0.1458,5.028
62.6000,-0.014,-0.0703,5.024,-0.073,-0.3665,0,180.537,0.1458,5.028,52.665,0,0,-0.073,-0.3665,0,180.537,0.1458,5.028
62.8000,-0.015,-0.0754,5.026,-0.073,-0.3665,0,180.537,0.1458,5.028,52.787,0,0,-0.073,-0.3665,0,180.537,0.1458,5.028
63.0000,-0.027,-0.1357,5.026,-0.073,-0.3665,0,180.537,0.1458,5.028,52.839,0,0,-0.073,-0.3665,0,180.537,0.1458,5.028
63.2000,-0.012,-0.0603,5.024,-0.073,-0.3665,0,180.537,0.1458,5.028,52.57,0,0,-0.073,-0.3665,0,180.537,0.1458,5.028
63.4000,-0.003,-0.0151,5.026,-0.073,-0.3665,0,180.537,0.1458,5.028,52.786,0,0,-0.073,-0.3665,0,180.537,0.1458,5.028
63.6000,-0.026,-0.1307,5.026,-0.073,-0.3665,0,180.537,0.1458,5.028,52.827,0,0,-0.073,-0.3665,0,180.537,0.1458,5.028
63.8000,-0.02,-0.1005,5.026,-0.073,-0.3665,0,180.537,0.1458,5.028,52.679,0,0,-0.073,-0.3665,0,180.537,0.1458,5.028
64.0000,-0.02,-0.1005,5.026,-0.073,-0.3665,0,180.537,0.1458,5.028,52.907,0,0,-0.073,-0.3665,0,180.537,0.1458,5.028
64.2000,-0.024,-0.1206,5.024,-0.073,-0.3665,0,180.537,0.1458,5.028,52.866,0,0,-0.073,-0.3665,0,180.537,0.1458,5.028
64.4000,-0.014,-0.0704,5.026,-0.073,-0.3665,0,180.537,0.1458,5.028,52.812,0,0,-0.073,-0.3665,0,180.537,0.1458,5.028
64.6000,-0.016,-0.0804,5.024,-0.073,-0.3665,0,180.537,0.1458,5.028,52.799,0,0,-0.073,-0.3665,0,180.537,0.1458,5.028
64.8000,-0.021,-0.1055,5.024,-0.073,-0.3665,0,180.537,0.1458,5.028,52.826,0,0,-0.073,-0.3665,0,180.537,0.1458,5.028
65.0000,-0.03,-0.1508,5.026,-0.073,-0.3665,0,180.537,0.1458,5.028,52.88,0,0,-0.073,-0.3665,0,180.537,0.1458,5.028
65.2000,-0.031,-0.1558,5.026,-0.073,-0.3665,0,180.537,0.1458,5.028,52.637,0,0,-0.073,-0.3665,0,180.537,0.1458,5.028
65.4000,-0.034,-0.1709,5.026,-0.073,-0.3665,0,180.537,0.1458,5.028,52.798,0,0,-0.073,-0.3665,0,180.537,0.1458,5.028
65.6000,-0.002,-0.0101,5.026,-0.073,-0.3665,0,180.537,0.1458,5.028,52.892,0,0,-0.073,-0.3665,0,180.537,0.1458,5.028
65.8000,-0.013,-0.0653,5.026,-0.073,-0.3665,0,180.537,0.1458,5.028,52.69,0,0,-0.073,-0.3665,0,180.537,0.1458,5.028
66.0000,-0.019,-0.0955,5.024,-0.073,-0.3665,0,180.537,0.1458,5.028,52.798,0,0,-0.073,-0.3665,0,180.537,0.1458,5.028
66.2000,-0.022,-0.1105,5.024,-0.073,-0.3665,0,180.537,0.1458,5.028,52.798,0,0,-0.073,-0.3665,0,180.537,0.1458,5.028
66.4000,-0.012,-0.0603,5.026,-0.073,-0.3665,0,180.537,0.1458,5.028,52.744,0,0,-0.073,-0.3665,0,180.537,0.1458,5.028
66.6000,-0.039,-0.196,5.026,-0.073,-0.3665,0,180.537,0.1458,5.028,52.718,0,0,-0.073,-0.3665,0,180.537,0.1458,5.028
66.8000,-0.025,-0.1257,5.026,-0.073,-0.3665,0,180.537,0.1458,5.028,52.651,0,0,-0.073,-0.3665,0,180.537,0.1458,5.028
67.0000,-0.018,-0.0904,5.024,-0.073,-0.3665,0,180.537,0.1458,5.028,52.475,0,0,-0.073,-0.3665,0,180.537,0.1458,5.028
67.2000,-0.029,-0.1458,5.026,-0.073,-0.3665,0,180.537,0.1458,5.028,52.395,0,0,-0.073,-0.3665,0,180.537,0.1458,5.028
67.4000,-0.014,-0.0703,5.024,-0.073,-0.3665,0,180.537,0.1458,5.028,52.637,0,0,-0.073,-0.3665,0,180.537,0.1458,5.028
67.6000,-0.021,-0.1055,5.026,-0.073,-0.3665,0,180.537,0.1458,5.028,52.57,0,0,-0.073,-0.3665,0,180.537,0.1458,5.028
67.8000,-0.018,-0.0905,5.026,-0.073,-0.3665,0,180.537,0.1458,5.028,52.502,0,0,-0.073,-0.3665,0,180.537,0.1458,5.028
68.0000,-0.02,-0.1005,5.026,-0.073,-0.3665,0,180.537,0.1458,5.028,52.516,0,0,-0.073,-0.3665,0,180.537,0.1458,5.028
68.2000,-0.024,-0.1206,5.024,-0.073,-0.3665,0,180.537,0.1458,5.028,52.637,0,0,-0.073,-0.3665,0,180.537,0.1458,5.028
68.4000,-0.009,-0.0443,4.922,-0.073,-0.3665,0,180.537,0.1458,5.028,176.937,0,0,-0.073,-0.3665,0,180.537,0.1458,5.028
68.6000,-0.026,-0.1279,4.92,-0.073,-0.3665,0,180.537,0.1458,5.028,176.866,0,0,-0.073,-0.3665,0,180.537,0.1458,5.028
68.8000,-0.024,-0.1206,5.026,-0.073,-0.3665,0,180.537,0.1458,5.028,52.609,0,0,-0.073,-0.3665,0,180.537,0.1458,5.028
69.0000,-0.031,-0.1558,5.026,-0.073,-0.3665,0,180.537,0.1458,5.028,52.327,0,0,-0.073,-0.3665,0,180.537,0.1458,5.028
69.2000,-0.024,-0.1206,5.026,-0.073,-0.3665,0,180.537,0.1458,5.028,52.314,0,0,-0.073,-0.3665,0,180.537,0.1458,5.028
69.4000,-0.013,-0.0653,5.026,-0.073,-0.3665,0,180.537,0.1458,5.028,52.408,0,0,-0.073,-0.3665,0,180.537,0.1458,5.028
69.6000,-0.025,-0.1257,5.026,-0.073,-0.3665,0,180.537,0.1458,5.028,52.447,0,0,-0.073,-0.3665,0,180.537,0.1458,5.028
69.8000,-0.006,-0.0301,5.014,-0.073,-0.3665,0,180.537,0.1458,5.028,64.959,0,0,-0.073,-0.3665,0,180.537,0.1458,5.028
70.0000,0.006,0.0302,5.026,-0.073,-0.3665,0,180.537,0.1458,5.028,52.313,0,0,-0.073,-0.3665,0,180.537,0.1458,5.028
70.2000,-0.012,-0.0603,5.024,-0.073,-0.3665,0,180.537,0.1458,5.028,52.34,0,0,-0.073,-0.3665,0,180.537,0.1458,5.028
70.4000,-0.028,-0.1407,5.026,-0.073,-0.3665,0,180.537,0.1458,5.028,52.326,0,0,-0.073,-0.3665,0,180.537,0.1458,5.028
70.6000,-0.029,-0.1457,5.024,-0.073,-0.3665,0,180.537,0.1458,5.028,52.312,0,0,-0.073,-0.3665,0,180.537,0.1458,5.028
70.8000,-0.018,-0.0903,5.014,-0.073,-0.3665,0,180.537,0.1458,5.028,65.067,0,0,-0.073,-0.3665,0,180.537,0.1458,5.028
71.0000,-0.018,-0.0905,5.026,-0.073,-0.3665,0,180.537,0.1458,5.028,52.299,0,0,-0.073,-0.3665,0,180.537,0.1458,5.028
71.2000,-0.02,-0.1005,5.024,-0.073,-0.3665,0,180.537,0.1458,5.028,52.272,0,0,-0.073,-0.3665,0,180.537,0.1458,5.028
71.4000,-0.014,-0.0704,5.026,-0.073,-0.3665,0,180.537,0.1458,5.028,52.353,0,0,-0.073,-0.3665,0,180.537,0.1458,5.028
71.6000,-0.025,-0.1257,5.026,-0.073,-0.3665,0,180.537,0.1458,5.028,52.447,0,0,-0.073,-0.3665,0,180.537,0.1458,5.028
71.8000,-0.01,-0.0503,5.026,-0.073,-0.3665,0,180.537,0.1458,5.028,52.245,0,0,-0.073,-0.3665,0,180.537,0.1458,5.028
72.0000,-0.015,-0.0754,5.026,-0.073,-0.3665,0,180.537,0.1458,5.028,52.447,0,0,-0.073,-0.3665,0,180.537,0.1458,5.028
72.2000,-0.011,-0.0553,5.024,-0.073,-0.3665,0,180.537,0.1458,5.028,52.474,0,0,-0.073,-0.3665,0,180.537,0.1458,5.028
72.4000,-0.028,-0.1407,5.024,-0.073,-0.3665,0,180.537,0.1458,5.028,52.205,0,0,-0.073,-0.3665,0,180.537,0.1458,5.028
72.6000,-0.029,-0.1458,5.026,-0.073,-0.3665,0,180.537,0.1458,5.028,52.353,0,0,-0.073,-0.3665,0,180.537,0.1458,5.028
72.8000,-0.039,-0.196,5.026,-0.073,-0.3665,0,180.537,0.1458,5.028,52.474,0,0,-0.073,-0.3665,0,180.537,0.1458,5.028
73.0000,-0.02,-0.1005,5.024,-0.073,-0.3665,0,180.537,0.1458,5.028,52.191,0,0,-0.073,-0.3665,0,180.537,0.1458,5.028
73.2000,-0.04,-0.201,5.026,-0.073,-0.3665,0,180.537,0.1458,5.028,52.299,0,0,-0.073,-0.3665,0,180.537,0.1458,5.028
73.4000,-0.021,-0.1055,5.026,-0.073,-0.3665,0,180.537,0.1458,5.028,52.447,0,0,-0.073,-0.3665,0,180.537,0.1458,5.028
73.6000,-0.013,-0.0653,5.026,-0.073,-0.3665,0,180.537,0.1458,5.028,52.395,0,0,-0.073,-0.3665,0,180.537,0.1458,5.028
73.8000,-0.012,-0.0603,5.026,-0.073,-0.3665,0,180.537,0.1458,5.028,52.38,0,0,-0.073,-0.3665,0,180.537,0.1458,5.028
74.0000,-0.014,-0.0704,5.026,-0.073,-0.3665,0,180.537,0.1458,5.028,52.434,0,0,-0.073,-0.3665,0,180.537,0.1458,5.028
74.2000,-0.015,-0.0754,5.026,-0.073,-0.3665,0,180.537,0.1458,5.028,52.515,0,0,-0.073,-0.3665,0,180.537,0.1458,5.028
74.4000,-0.016,-0.0804,5.026,-0.073,-0.3665,0,180.537,0.1458,5.028,52.314,0,0,-0.073,-0.3665,0,180.537,0.1458,5.028
74.6000,-0.013,-0.0653,5.026,-0.073,-0.3665,0,180.537,0.1458,5.028,52.598,0,0,-0.073,-0.3665,0,180.537,0.1458,5.028
74.8000,-0.013,-0.0653,5.024,-0.073,-0.3665,0,180.537,0.1458,5.028,52.584,0,0,-0.073,-0.3665,0,180.537,0.1458,5.028
75.0000,-0.012,-0.0603,5.026,-0.073,-0.3665,0,180.537,0.1458,5.028,52.382,0,0,-0.073,-0.3665,0,180.537,0.1458,5.028
75.2000,-0.006,-0.0301,5.024,-0.073,-0.3665,0,180.537,0.1458,5.028,52.503,0,0,-0.073,-0.3665,0,180.537,0.1458,5.028
75.4000,-0.004,-0.0201,5.024,-0.073,-0.3665,0,180.537,0.1458,5.028,52.53,0,0,-0.073,-0.3665,0,180.537,0.1458,5.028
75.6000,-0.037,-0.186,5.026,-0.073,-0.3665,0,180.537,0.1458,5.028,52.503,0,0,-0.073,-0.3665,0,180.537,0.1458,5.028
75.8000,-0.013,-0.0653,5.026,-0.073,-0.3665,0,180.537,0.1458,5.028,52.625,0,0,-0.073,-0.3665,0,180.537,0.1458,5.028
76.0000,-0.01,-0.0503,5.026,-0.073,-0.3665,0,180.537,0.1458,5.028,52.665,0,0,-0.073,-0.3665,0,180.537,0.1458,5.028
76.2000,-0.016,-0.0804,5.026,-0.073,-0.3665,0,180.537,0.1458,5.028,52.625,0,0,-0.073,-0.3665,0,180.537,0.1458,5.028
76.4000,-0.029,-0.1458,5.026,-0.073,-0.3665,0,180.537,0.1458,5.028,52.369,0,0,-0.073,-0.3665,0,180.537,0.1458,5.028
76.6000,-0.014,-0.0704,5.026,-0.073,-0.3665,0,180.537,0.1458,5.028,52.598,0,0,-0.073,-0.3665,0,180.537,0.1458,5.028
76.8000,-0.011,-0.0553,5.024,-0.073,-0.3665,0,180.537,0.1458,5.028,52.732,0,0,-0.073,-0.3665,0,180.537,0.1458,5.028
77.0000,-0.035,-0.1758,5.024,-0.073,-0.3665,0,180.537,0.1458,5.028,52.516,0,0,-0.073,-0.3665,0,180.537,0.1458,5.028
77.2000,-0.027,-0.1356,5.024,-0.073,-0.3665,0,180.537,0.1458,5.028,52.61,0,0,-0.073,-0.3665,0,180.537,0.1458,5.028
77.4000,-0.017,-0.0854,5.026,-0.073,-0.3665,0,180.537,0.1458,5.028,52.746,0,0,-0.073,-0.3665,0,180.537,0.1458,5.028
77.6000,-0.025,-0.1257,5.026,-0.073,-0.3665,0,180.537,0.1458,5.028,52.719,0,0,-0.073,-0.3665,0,180.537,0.1458,5.028
77.8000,-0.011,-0.0553,5.026,-0.073,-0.3665,0,180.537,0.1458,5.028,52.665,0,0,-0.073,-0.3665,0,180.537,0.1458,5.028
78.0000,-0.025,-0.1257,5.026,-0.073,-0.3665,0,180.537,0.1458,5.028,52.801,0,0,-0.073,-0.3665,0,180.537,0.1458,5.028
78.2000,-0.018,-0.0905,5.026,-0.073,-0.3665,0,180.537,0.1458,5.028,52.788,0,0,-0.073,-0.3665,0,180.537,0.1458,5.028
78.4000,-0.024,-0.1206,5.026,-0.073,-0.3665,0,180.537,0.1458,5.028,52.68,0,0,-0.073,-0.3665,0,180.537,0.1458,5.028
78.6000,-0.001,-0.005,5.024,-0.073,-0.3665,0,180.537,0.1458,5.028,52.894,0,0,-0.073,-0.3665,0,180.537,0.1458,5.028
78.8000,-0.021,-0.1055,5.026,-0.073,-0.3665,0,180.537,0.1458,5.028,52.787,0,0,-0.073,-0.3665,0,180.537,0.1458,5.028
79.0000,-0.015,-0.0754,5.024,-0.073,-0.3665,0,180.537,0.1458,5.028,52.652,0,0,-0.073,-0.3665,0,180.537,0.1458,5.028
79.2000,-0.009,-0.0452,5.026,-0.073,-0.3665,0,180.537,0.1458,5.028,52.773,0,0,-0.073,-0.3665,0,180.537,0.1458,5.028
79.4000,-0.025,-0.1256,5.024,-0.073,-0.3665,0,180.537,0.1458,5.028,52.813,0,0,-0.073,-0.3665,0,180.537,0.1458,5.028
79.6000,-0.022,-0.1106,5.026,-0.073,-0.3665,0,180.537,0.1458,5.028,52.718,0,0,-0.073,-0.3665,0,180.537,0.1458,5.028
79.8000,-0.001,-0.005,5.026,-0.073,-0.3665,0,180.537,0.1458,5.028,52.96,0,0,-0.073,-0.3665,0,180.537,0.1458,5.028
80.0000,-0.03,-0.1507,5.024,-0.073,-0.3665,0,180.537,0.1458,5.028,52.744,0,0,-0.073,-0.3665,0,180.537,0.1458,5.028
80.2000,-0.01,-0.0502,5.024,-0.073,-0.3665,0,180.537,0.1458,5.028,52.852,0,0,-0.073,-0.3665,0,180.537,0.1458,5.028
80.4000,-0.027,-0.1357,5.026,-0.073,-0.3665,0,180.537,0.1458,5.028,52.732,0,0,-0.073,-0.3665,0,180.537,0.1458,5.028
80.6000,-0.014,-0.0704,5.026,-0.073,-0.3665,0,180.537,0.1458,5.028,52.827,0,0,-0.073,-0.3665,0,180.537,0.1458,5.028
80.8000,-0.027,-0.1357,5.026,-0.073,-0.3665,0,180.537,0.1458,5.028,52.745,0,0,-0.073,-0.3665,0,180.537,0.1458,5.028
81.0000,-0.006,-0.0295,4.922,-0.073,-0.3665,0,180.631,0.1458,5.028,177.625,0,0,-0.073,-0.3665,0,180.631,0.1458,5.028
81.2000,-0.044,-0.2165,4.92,-0.073,-0.3665,0,180.631,0.1458,5.028,177.638,0,0,-0.073,-0.3665,0,180.631,0.1458,5.028
81.4000,-0.023,-0.1132,4.92,-0.073,-0.3665,0,180.631,0.1458,5.028,177.696,0,0,-0.073,-0.3665,0,180.631,0.1458,5.028
81.6000,-0.019,-0.0955,5.026,-0.073,-0.3665,0,180.631,0.1458,5.028,52.84,0,0,-0.073,-0.3665,0,180.631,0.1458,5.028
81.8000,-0.025,-0.1256,5.024,-0.073,-0.3665,0,180.631,0.1458,5.028,52.827,0,0,-0.073,-0.3665,0,180.631,0.1458,5.028
82.0000,-0.005,-0.0251,5.026,-0.073,-0.3665,0,180.631,0.1458,5.028,52.881,0,0,-0.073,-0.3665,0,180.631,0.1458,5.028
82.2000,-0.013,-0.0653,5.026,-0.073,-0.3665,0,180.631,0.1458,5.028,52.8,0,0,-0.073,-0.3665,0,180.631,0.1458,5.028
82.4000,-0.028,-0.1407,5.024,-0.073,-0.3665,0,180.631,0.1458,5.028,54.228,0,0,-0.073,-0.3665,0,180.631,0.1458,5.028
82.6000,0.002,0.0101,5.026,-0.073,-0.3665,0,180.631,0.1458,5.028,52.811,0,0,-0.073,-0.3665,0,180.631,0.1458,5.028
82.8000,-0.009,-0.0452,5.024,-0.073,-0.3665,0,180.631,0.1458,5.028,52.758,0,0,-0.073,-0.3665,0,180.631,0.1458,5.028
83.0000,-0.025,-0.1257,5.026,-0.073,-0.3665,0,180.631,0.1458,5.028,52.689,0,0,-0.073,-0.3665,0,180.631,0.1458,5.028
83.2000,0.014,0.0704,5.026,-0.073,-0.3665,0,180.631,0.1458,5.028,52.783,0,0,-0.073,-0.3665,0,180.631,0.1458,5.028
83.4000,-0.025,-0.1253,5.014,-0.073,-0.3665,0,180.631,0.1458,5.028,65.093,0,0,-0.073,-0.3665,0,180.631,0.1458,5.028
83.6000,-0.006,-0.0301,5.014,-0.073,-0.3665,0,180.631,0.1458,5.028,65.268,0,0,-0.073,-0.3665,0,180.631,0.1458,5.028
83.8000,-0.015,-0.0754,5.024,-0.073,-0.3665,0,180.631,0.1458,5.028,52.676,0,0,-0.073,-0.3665,0,180.631,0.1458,5.028
84.0000,-0.009,-0.0452,5.026,-0.073,-0.3665,0,180.631,0.1458,5.028,52.757,0,0,-0.073,-0.3665,0,180.631,0.1458,5.028
84.2000,-0.028,-0.1407,5.024,-0.073,-0.3665,0,180.631,0.1458,5.028,52.662,0,0,-0.073,-0.3665,0,180.631,0.1458,5.028
84.4000,0,0,5.026,-0.073,-0.3665,0,180.631,0.1458,5.028,52.676,0,0,-0.073,-0.3665,0,180.631,0.1458,5.028
84.6000,-0.026,-0.1307,5.026,-0.073,-0.3665,0,180.631,0.1458,5.028,52.677,0,0,-0.073,-0.3665,0,180.631,0.1458,5.028
84.8000,-0.01,-0.0503,5.026,-0.073,-0.3665,0,180.631,0.1458,5.028,52.744,0,0,-0.073,-0.3665,0,180.631,0.1458,5.028
85.0000,-0.01,-0.0503,5.026,-0.073,-0.3665,0,180.631,0.1458,5.028,52.555,0,0,-0.073,-0.3665,0,180.631,0.1458,5.028
85.2000,-0.014,-0.0704,5.026,-0.073,-0.3665,0,180.631,0.1458,5.028,52.609,0,0,-0.073,-0.3665,0,180.631,0.1458,5.028
85.4000,-0.028,-0.1407,5.024,-0.073,-0.3665,0,180.631,0.1458,5.028,52.609,0,0,-0.073,-0.3665,0,180.631,0.1458,5.028
85.6000,-0.032,-0.1608,5.026,-0.073,-0.3665,0,180.631,0.1458,5.028,52.582,0,0,-0.073,-0.3665,0,180.631,0.1458,5.028
85.8000,-0.028,-0.1407,5.024,-0.073,-0.3665,0,180.631,0.1458,5.028,52.529,0,0,-0.073,-0.3665,0,180.631,0.1458,5.028
86.0000,-0.023,-0.1156,5.026,-0.073,-0.3665,0,180.631,0.1458,5.028,52.529,0,0,-0.073,-0.3665,0,180.631,0.1458,5.028
86.2000,-0.033,-0.1659,5.026,-0.073,-0.3665,0,180.631,0.1458,5.028,52.624,0,0,-0.073,-0.3665,0,180.631,0.1458,5.028
86.4000,-0.014,-0.0703,5.024,-0.073,-0.3665,0,180.631,0.1458,5.028,52.474,0,0,-0.073,-0.3665,0,180.631,0.1458,5.028
86.6000,-0.014,-0.0704,5.026,-0.073,-0.3665,0,180.631,0.1458,5.028,52.474,0,0,-0.073,-0.3665,0,180.631,0.1458,5.028
86.8000,-0.018,-0.0905,5.026,-0.073,-0.3665,0,180.631,0.1458,5.028,52.569,0,0,-0.073,-0.3665,0,180.631,0.1458,5.028
87.0000,-0.011,-0.0553,5.026,-0.073,-0.3665,0,180.631,0.1458,5.028,52.543,0,0,-0.073,-0.3665,0,180.631,0.1458,5.028
87.2000,-0.017,-0.0854,5.026,-0.073,-0.3665,0,180.631,0.1458,5.028,52.543,0,0,-0.073,-0.3665,0,180.631,0.1458,5.028
87.4000,-0.031,-0.1558,5.026,-0.073,-0.3665,0,180.631,0.1458,5.028,52.61,0,0,-0.073,-0.3665,0,180.631,0.1458,5.028
87.6000,-0.014,-0.0703,5.024,-0.073,-0.3665,0,180.631,0.1458,5.028,52.233,0,0,-0.073,-0.3665,0,180.631,0.1458,5.028
87.8000,-0.013,-0.0653,5.026,-0.073,-0.3665,0,180.631,0.1458,5.028,52.436,0,0,-0.073,-0.3665,0,180.631,0.1458,5.028
88.0000,-0.02,-0.1005,5.024,-0.073,-0.3665,0,180.631,0.1458,5.028,52.476,0,0,-0.073,-0.3665,0,180.631,0.1458,5.028
88.2000,-0.007,-0.0352,5.026,-0.073,-0.3665,0,180.631,0.1458,5.028,52.369,0,0,-0.073,-0.3665,0,180.631,0.1458,5.028
88.4000,-0.022,-0.1106,5.026,-0.073,-0.3665,0,180.631,0.1458,5.028,52.49,0,0,-0.073,-0.3665,0,180.631,0.1458,5.028
88.6000,-0.021,-0.1055,5.026,-0.073,-0.3665,0,180.631,0.1458,5.028,52.517,0,0,-0.073,-0.3665,0,180.631,0.1458,5.028
88.8000,-0.022,-0.1106,5.026,-0.073,-0.3665,0,180.631,0.1458,5.028,52.449,0,0,-0.073,-0.3665,0,180.631,0.1458,5.028
89.0000,-0.002,-0.0101,5.026,-0.073,-0.3665,0,180.631,0.1809,5.028,52.436,0,0,-0.073,-0.3665,0,180.631,0.1809,5.028
89.2000,-0.013,-0.0653,5.024,-0.073,-0.3665,0,180.631,0.1809,5.028,52.436,0,0,-0.073,-0.3665,0,180.631,0.1809,5.028
89.4000,-0.031,-0.1558,5.026,-0.073,-0.3665,0,180.631,0.1809,5.028,52.382,0,0,-0.073,-0.3665,0,180.631,0.1809,5.028
89.6000,-0.006,-0.0302,5.026,-0.073,-0.3665,0,180.631,0.1809,5.028,52.328,0,0,-0.073,-0.3665,0,180.631,0.1809,5.028
89.8000,-0.031,-0.1558,5.026,-0.073,-0.3665,0,180.631,0.1809,5.028,52.342,0,0,-0.073,-0.3665,0,180.631,0.1809,5.028
90.0000,-0.026,-0.1306,5.024,-0.073,-0.3665,0,180.631,0.1809,5.028,52.342,0,0,-0.073,-0.3665,0,180.631,0.1809,5.028
90.2000,-0.011,-0.0553,5.024,-0.073,-0.3665,0,180.631,0.1809,5.028,52.22,0,0,-0.073,-0.3665,0,180.631,0.1809,5.028
90.4000,-0.031,-0.1558,5.026,-0.073,-0.3665,0,180.631,0.1809,5.028,52.435,0,0,-0.073,-0.3665,0,180.631,0.1809,5.028
90.6000,-0.031,-0.1558,5.026,-0.073,-0.3665,0,180.631,0.1809,5.028,52.421,0,0,-0.073,-0.3665,0,180.631,0.1809,5.028
90.8000,-0.026,-0.1307,5.026,-0.073,-0.3665,0,180.631,0.1809,5.028,52.314,0,0,-0.073,-0.3665,0,180.631,0.1809,5.028
91.0000,-0.021,-0.1055,5.026,-0.073,-0.3665,0,180.631,0.1809,5.028,52.421,0,0,-0.073,-0.3665,0,180.631,0.1809,5.028
91.2000,-0.013,-0.0653,5.026,-0.073,-0.3665,0,180.631,0.1809,5.028,52.543,0,0,-0.073,-0.3665,0,180.631,0.1809,5.028
91.4000,-0.014,-0.0704,5.026,-0.073,-0.3665,0,180.631,0.1809,5.028,52.502,0,0,-0.073,-0.3665,0,180.631,0.1809,5.028
91.6000,-0.016,-0.0804,5.024,-0.073,-0.3665,0,180.631,0.1809,5.028,52.3,0,0,-0.073,-0.3665,0,180.631,0.1809,5.028
91.8000,-0.031,-0.1557,5.024,-0.073,-0.3665,0,180.631,0.1809,5.028,52.395,0,0,-0.073,-0.3665,0,180.631,0.1809,5.028
92.0000,-0.013,-0.0653,5.026,-0.073,-0.3665,0,180.631,0.1809,5.028,52.421,0,0,-0.073,-0.3665,0,180.631,0.1809,5.028
92.2000,-0.022,-0.1106,5.026,-0.073,-0.3665,0,180.631,0.1809,5.028,52.286,0,0,-0.073,-0.3665,0,180.631,0.1809,5.028
92.4000,-0.029,-0.1457,5.024,-0.073,-0.3665,0,180.631,0.1809,5.028,52.434,0,0,-0.073,-0.3665,0,180.631,0.1809,5.028
92.6000,0,0,5.026,-0.073,-0.3665,0,180.631,0.1809,5.028,52.583,0,0,-0.073,-0.3665,0,180.631,0.1809,5.028
92.8000,-0.027,-0.1356,5.024,-0.073,-0.3665,0,180.631,0.1809,5.028,52.327,0,0,-0.073,-0.3665,0,180.631,0.1809,5.028
93.0000,-0.023,-0.1156,5.024,-0.073,-0.3665,0,180.631,0.1809,5.028,52.448,0,0,-0.073,-0.3665,0,180.631,0.1809,5.028
93.2000,-0.025,-0.1257,5.026,-0.073,-0.3665,0,180.631,0.1809,5.028,52.475,0,0,-0.073,-0.3665,0,180.631,0.1809,5.028
93.4000,-0.011,-0.0553,5.026,-0.073,-0.3665,0,180.631,0.1809,5.028,52.57,0,0,-0.073,-0.3665,0,180.631,0.1809,5.028
93.6000,-0.028,-0.1407,5.024,-0.073,-0.3665,0,180.631,0.1809,5.028,53.46,0,0,-0.073,-0.3665,0,180.631,0.1809,5.028
93.8000,0.001,0.0049,4.922,-0.073,-0.3665,0,180.631,0.1809,5.028,177.517,0,0,-0.073,-0.3665,0,180.631,0.1809,5.028
94.0000,-0.015,-0.0738,4.92,-0.073,-0.3665,0,180.631,0.1809,5.028,177.665,0,0,-0.073,-0.3665,0,180.631,0.1809,5.028
94.2000,-0.005,-0.0251,5.024,-0.073,-0.3665,0,180.631,0.1809,5.028,52.638,0,0,-0.073,-0.3665,0,180.631,0.1809,5.028
94.4000,-0.003,-0.0151,5.024,-0.073,-0.3665,0,180.631,0.1809,5.028,52.557,0,0,-0.073,-0.3665,0,180.631,0.1809,5.028
94.6000,-0.027,-0.1356,5.024,-0.073,-0.3665,0,180.631,0.1809,5.028,52.679,0,0,-0.073,-0.3665,0,180.631,0.1809,5.028
94.8000,-0.008,-0.0402,5.024,-0.073,-0.3665,0,180.631,0.1809,5.028,52.557,0,0,-0.073,-0.3665,0,180.631,0.1809,5.028
95.0000,-0.044,-0.2211,5.024,-0.073,-0.3665,0,180.631,0.1809,5.028,52.611,0,0,-0.073,-0.3665,0,180.631,0.1809,5.028
95.2000,-0.009,-0.0452,5.026,-0.073,-0.3665,0,180.631,0.1809,5.028,52.719,0,0,-0.073,-0.3665,0,180.631,0.1809,5.028
95.4000,-0.029,-0.1458,5.026,-0.073,-0.3665,0,180.631,0.1809,5.028,52.761,0,0,-0.073,-0.3665,0,180.631,0.1809,5.028
95.6000,-0.014,-0.0703,5.024,-0.073,-0.3665,0,180.631,0.1809,5.028,52.626,0,0,-0.073,-0.3665,0,180.631,0.1809,5.028
95.8000,-0.031,-0.1558,5.026,-0.073,-0.3665,0,180.631,0.1809,5.028,52.707,0,0,-0.073,-0.3665,0,180.631,0.1809,5.028
96.0000,-0.028,-0.1407,5.024,-0.073,-0.3665,0,180.631,0.1809,5.028,52.815,0,0,-0.073,-0.3665,0,180.631,0.1809,5.028
96.2000,-0.028,-0.1404,5.016,-0.073,-0.3665,0,180.631,0.1809,5.028,65.314,0,0,-0.073,-0.3665,0,180.631,0.1809,5.028
96.4000,-0.016,-0.0804,5.026,-0.073,-0.3665,0,180.631,0.1809,5.028,52.788,0,0,-0.073,-0.3665,0,180.631,0.1809,5.028
96.6000,-0.034,-0.1709,5.026,-0.073,-0.3665,0,180.631,0.1809,5.028,52.855,0,0,-0.073,-0.3665,0,180.631,0.1809,5.028
96.8000,-0.007,-0.0352,5.024,-0.073,-0.3665,0,180.631,0.1809,5.028,52.801,0,0,-0.073,-0.3665,0,180.631,0.1809,5.028
97.0000,-0.011,-0.0553,5.024,-0.073,-0.3665,0,180.631,0.1809,5.028,52.788,0,0,-0.073,-0.3665,0,180.631,0.1809,5.028
97.2000,-0.018,-0.0905,5.026,-0.073,-0.3665,0,180.631,0.1809,5.028,52.908,0,0,-0.073,-0.3665,0,180.631,0.1809,5.028
97.4000,-0.031,-0.1558,5.026,-0.073,-0.3665,0,180.631,0.1809,5.028,52.921,0,0,-0.073,-0.3665,0,180.631,0.1809,5.028
97.6000,-0.02,-0.1005,5.024,-0.073,-0.3665,0,180.631,0.1809,5.028,52.867,0,0,-0.073,-0.3665,0,180.631,0.1809,5.028
97.8000,-0.029,-0.1458,5.026,-0.073,-0.3665,0,180.631,0.1809,5.028,52.975,0,0,-0.073,-0.3665,0,180.631,0.1809,5.028
98.0000,-0.011,-0.0553,5.024,-0.073,-0.3665,0,180.631,0.1809,5.028,52.894,0,0,-0.073,-0.3665,0,180.631,0.1809,5.028
98.2000,-0.013,-0.0653,5.026,-0.073,-0.3665,0,180.631,0.1809,5.028,52.719,0,0,-0.073,-0.3665,0,180.631,0.1809,5.028
98.4000,-0.016,-0.0804,5.024,-0.073,-0.3665,0,180.631,0.1809,5.028,52.881,0,0,-0.073,-0.3665,0,180.631,0.1809,5.028
98.6000,-0.029,-0.1458,5.026,-0.073,-0.3665,0,180.631,0.1809,5.028,52.921,0,0,-0.073,-0.3665,0,180.631,0.1809,5.028
98.8000,-0.009,-0.0452,5.026,-0.073,-0.3665,0,180.631,0.1809,5.028,52.759,0,0,-0.073,-0.3665,0,180.631,0.1809,5.028
99.0000,-0.017,-0.0854,5.024,-0.073,-0.3665,0,180.631,0.1809,5.028,52.934,0,0,-0.073,-0.3665,0,180.631,0.1809,5.028
99.2000,0,0,5.024,-0.073,-0.3665,0,180.631,0.1809,5.028,52.839,0,0,-0.073,-0.3665,0,180.631,0.1809,5.028
99.4000,-0.011,-0.0553,5.026,-0.073,-0.3665,0,180.631,0.1809,5.028,52.812,0,0,-0.073,-0.3665,0,180.631,0.1809,5.028
99.6000,-0.02,-0.1005,5.026,-0.073,-0.3665,0,180.631,0.1809,5.028,52.84,0,0,-0.073,-0.3665,0,180.631,0.1809,5.028
99.8000,-0.011,-0.0553,5.026,-0.073,-0.3665,0,180.631,0.1809,5.028,52.827,0,0,-0.073,-0.3665,0,180.631,0.1809,5.028
100.0000,-0.013,-0.0653,5.026,-0.073,-0.3665,0,180.631,0.1809,5.028,52.948,0,0,-0.073,-0.3665,0,180.631,0.1809,5.028
100.2000,-0.011,-0.0553,5.026,-0.073,-0.3665,0,180.631,0.1809,5.028,52.786,0,0,-0.073,-0.3665,0,180.631,0.1809,5.028
100.4000,-0.023,-0.1156,5.024,-0.073,-0.3665,0,180.631,0.1809,5.028,52.745,0,0,-0.073,-0.3665,0,180.631,0.1809,5.028
100.6000,-0.014,-0.0704,5.026,-0.073,-0.3665,0,180.631,0.1809,5.028,52.772,0,0,-0.073,-0.3665,0,180.631,0.1809,5.028
100.8000,-0.018,-0.0905,5.026,-0.073,-0.3665,0,180.631,0.1809,5.028,52.637,0,0,-0.073,-0.3665,0,180.631,0.1809,5.028
101.0000,-0.007,-0.0352,5.026,-0.073,-0.3665,0,180.631,0.1809,5.028,52.718,0,0,-0.073,-0.3665,0,180.631,0.1809,5.028
101.2000,-0.033,-0.1659,5.026,-0.073,-0.3665,0,180.631,0.1809,5.028,52.61,0,0,-0.073,-0.3665,0,180.631,0.1809,5.028
101.4000,-0.013,-0.0653,5.024,-0.073,-0.3665,0,180.631,0.1809,5.028,52.61,0,0,-0.073,-0.3665,0,180.631,0.1809,5.028
101.6000,-0.013,-0.0653,5.026,-0.073,-0.3665,0,180.631,0.1809,5.028,52.651,0,0,-0.073,-0.3665,0,180.631,0.1809,5.028
101.8000,-0.017,-0.0854,5.024,-0.073,-0.3665,0,180.631,0.1809,5.028,52.651,0,0,-0.073,-0.3665,0,180.631,0.1809,5.028
102.0000,-0.032,-0.1608,5.026,-0.073,-0.3665,0,180.631,0.1809,5.028,52.691,0,0,-0.073,-0.3665,0,180.631,0.1809,5.028
102.2000,-0.031,-0.1558,5.026,-0.073,-0.3665,0,180.631,0.1809,5.028,52.556,0,0,-0.073,-0.3665,0,180.631,0.1809,5.028
102.4000,-0.023,-0.1156,5.026,-0.073,-0.3665,0,180.631,0.1809,5.028,52.583,0,0,-0.073,-0.3665,0,180.631,0.1809,5.028
102.6000,-0.042,-0.211,5.024,-0.073,-0.3665,0,180.631,0.1809,5.028,52.475,0,0,-0.073,-0.3665,0,180.631,0.1809,5.028
102.8000,-0.038,-0.1909,5.024,-0.073,-0.3665,0,180.631,0.1809,5.028,52.368,0,0,-0.073,-0.3665,0,180.631,0.1809,5.028
103.0000,-0.025,-0.1256,5.024,-0.073,-0.3665,0,180.631,0.1809,5.028,52.529,0,0,-0.073,-0.3665,0,180.631,0.1809,5.028
103.2000,-0.014,-0.0703,5.024,-0.073,-0.3665,0,180.631,0.1809,5.028,52.489,0,0,-0.073,-0.3665,0,180.631,0.1809,5.028
103.4000,-0.014,-0.0704,5.026,-0.073,-0.3665,0,180.631,0.1809,5.028,52.219,0,0,-0.073,-0.3665,0,180.631,0.1809,5.028
103.6000,-0.028,-0.1407,5.024,-0.073,-0.3665,0,180.631,0.1809,5.028,52.529,0,0,-0.073,-0.3665,0,180.631,0.1809,5.028
103.8000,0,0,5.026,-0.073,-0.3665,0,180.631,0.1809,5.028,52.449,0,0,-0.073,-0.3665,0,180.631,0.1809,5.028
104.0000,-0.039,-0.196,5.026,-0.073,-0.3665,0,180.631,0.1809,5.028,52.503,0,0,-0.073,-0.3665,0,180.631,0.1809,5.028
104.2000,-0.018,-0.0904,5.024,-0.073,-0.3665,0,180.631,0.1809,5.028,52.355,0,0,-0.073,-0.3665,0,180.631,0.1809,5.028
104.4000,-0.019,-0.0955,5.026,-0.073,-0.3665,0,180.631,0.1809,5.028,52.422,0,0,-0.073,-0.3665,0,180.631,0.1809,5.028
104.6000,-0.01,-0.0503,5.026,-0.073,-0.3665,0,180.631,0.1809,5.028,52.49,0,0,-0.073,-0.3665,0,180.631,0.1809,5.028
104.8000,-0.034,-0.1709,5.026,-0.073,-0.3665,0,180.631,0.1809,5.028,52.355,0,0,-0.073,-0.3665,0,180.631,0.1809,5.028
105.0000,-0.008,-0.0402,5.026,-0.073,-0.3665,0,180.631,0.1809,5.028,52.476,0,0,-0.073,-0.3665,0,180.631,0.1809,5.028
105.2000,-0.011,-0.0553,5.026,-0.073,-0.3665,0,180.631,0.1809,5.028,52.489,0,0,-0.073,-0.3665,0,180.631,0.1809,5.028
105.4000,-0.034,-0.1709,5.026,-0.073,-0.3665,0,180.631,0.1809,5.028,52.341,0,0,-0.073,-0.3665,0,180.631,0.1809,5.028
105.6000,-0.024,-0.1206,5.024,-0.073,-0.3665,0,180.631,0.1809,5.028,52.475,0,0,-0.073,-0.3665,0,180.631,0.1809,5.028
105.8000,-0.017,-0.0854,5.026,-0.073,-0.3665,0,180.631,0.1809,5.028,52.556,0,0,-0.073,-0.3665,0,180.631,0.1809,5.028
106.0000,0,0,5.026,-0.073,-0.3665,0,180.631,0.1809,5.028,52.543,0,0,-0.073,-0.3665,0,180.631,0.1809,5.028
106.2000,0.002,0.0101,5.026,-0.073,-0.3665,0,180.631,0.1809,5.028,52.529,0,0,-0.073,-0.3665,0,180.631,0.1809,5.028
106.4000,-0.011,-0.0541,4.922,-0.073,-0.3665,0,180.631,0.1809,5.028,177.584,0,0,-0.073,-0.3665,0,180.631,0.1809,5.028
106.6000,0,0,4.922,-0.073,-0.3665,0,180.631,0.1809,5.028,177.379,0,0,-0.073,-0.3665,0,180.631,0.1809,5.028
106.8000,-0.02,-0.1005,5.026,-0.073,-0.3665,0,180.631,0.1809,5.028,52.636,0,0,-0.073,-0.3665,0,180.631,0.1809,5.028
107.0000,-0.014,-0.0704,5.026,-0.073,-0.3665,0,180.631,0.1809,5.028,52.65,0,0,-0.073,-0.3665,0,180.631,0.1809,5.028
107.2000,-0.025,-0.1257,5.026,-0.073,-0.3665,0,180.631,0.1809,5.028,52.744,0,0,-0.073,-0.3665,0,180.631,0.1809,5.028
107.4000,-0.023,-0.1156,5.026,-0.073,-0.3665,0,180.631,0.1809,5.028,52.528,0,0,-0.073,-0.3665,0,180.631,0.1809,5.028
107.6000,0.003,0.0151,5.026,-0.073,-0.3665,0,180.631,0.1809,5.028,52.704,0,0,-0.073,-0.3665,0,180.631,0.1809,5.028
107.8000,-0.028,-0.1407,5.026,-0.073,-0.3665,0,180.631,0.1809,5.028,52.865,0,0,-0.073,-0.3665,0,180.631,0.1809,5.028
108.0000,-0.026,-0.1307,5.026,-0.073,-0.3665,0,180.631,0.1809,5.028,52.892,0,0,-0.073,-0.3665,0,180.631,0.1809,5.028
108.2000,-0.022,-0.1106,5.026,-0.073,-0.3665,0,180.631,0.1809,5.028,52.784,0,0,-0.073,-0.3665,0,180.631,0.1809,5.028
108.4000,-0.013,-0.0653,5.026,-0.073,-0.3665,0,180.631,0.1809,5.028,52.879,0,0,-0.073,-0.3665,0,180.631,0.1809,5.028
108.6000,-0.01,-0.0502,5.024,-0.073,-0.3665,0,180.631,0.1809,5.028,52.798,0,0,-0.073,-0.3665,0,180.631,0.1809,5.028
108.8000,-0.029,-0.1455,5.016,-0.073,-0.3665,0,180.631,0.1809,5.028,65.337,0,0,-0.073,-0.3665,0,180.631,0.1809,5.028
109.0000,-0.014,-0.0704,5.026,-0.073,-0.3665,0,180.631,0.1809,5.028,52.825,0,0,-0.073,-0.3665,0,180.631,0.1809,5.028
109.2000,-0.021,-0.1055,5.024,-0.073,-0.3665,0,180.631,0.1809,5.028,52.852,0,0,-0.073,-0.3665,0,180.631,0.1809,5.028
109.4000,-0.012,-0.0603,5.024,-0.073,-0.3665,0,180.631,0.1809,5.028,52.623,0,0,-0.073,-0.3665,0,180.631,0.1809,5.028
109.6000,-0.001,-0.005,5.026,-0.073,-0.3665,0,180.631,0.1809,5.028,52.852,0,0,-0.073,-0.3665,0,180.631,0.1809,5.028
109.8000,-0.001,-0.005,5.026,-0.073,-0.3665,0,180.631,0.1809,5.028,52.811,0,0,-0.073,-0.3665,0,180.631,0.1809,5.028
110.0000,-0.022,-0.1106,5.026,-0.073,-0.3665,0,180.631,0.1809,5.028,52.717,0,0,-0.073,-0.3665,0,180.631,0.1809,5.028
110.2000,-0.032,-0.1608,5.026,-0.073,-0.3665,0,180.631,0.1809,5.028,52.758,0,0,-0.073,-0.3665,0,180.631,0.1809,5.028
110.4000,0,0,5.026,-0.073,-0.3665,0,180.631,0.1809,5.028,52.865,0,0,-0.073,-0.3665,0,180.631,0.1809,5.028
110.6000,-0.029,-0.1458,5.026,-0.073,-0.3665,0,180.631,0.1809,5.028,52.624,0,0,-0.073,-0.3665,0,180.631,0.1809,5.028
110.8000,-0.03,-0.1508,5.026,-0.073,-0.3665,0,180.631,0.1809,5.028,52.732,0,0,-0.073,-0.3665,0,180.631,0.1809,5.028
111.0000,-0.009,-0.0452,5.026,-0.073,-0.3665,0,180.631,0.1809,5.028,52.745,0,0,-0.073,-0.3665,0,180.631,0.1809,5.028
111.2000,0.004,0.0201,5.024,-0.073,-0.3665,0,180.631,0.1809,5.028,52.637,0,0,-0.073,-0.3665,0,180.631,0.1809,5.028
111.4000,-0.029,-0.1457,5.024,-0.073,-0.3665,0,180.631,0.1809,5.028,52.555,0,0,-0.073,-0.3665,0,180.631,0.1809,5.028
111.6000,-0.031,-0.1558,5.026,-0.073,-0.3665,0,180.631,0.1809,5.028,52.69,0,0,-0.073,-0.3665,0,180.631,0.1809,5.028
111.8000,-0.029,-0.1458,5.026,-0.073,-0.3665,0,180.631,0.1809,5.028,52.717,0,0,-0.073,-0.3665,0,180.631,0.1809,5.028
112.0000,-0.027,-0.1357,5.026,-0.073,-0.3665,0,180.631,0.1809,5.028,52.367,0,0,-0.073,-0.3665,0,180.631,0.1809,5.028
112.2000,-0.011,-0.0553,5.024,-0.073,-0.3665,0,180.631,0.1809,5.028,52.514,0,0,-0.073,-0.3665,0,180.631,0.1809,5.028
112.4000,-0.001,-0.005,5.026,-0.073,-0.3665,0,180.631,0.1809,5.028,52.554,0,0,-0.073,-0.3665,0,180.631,0.1809,5.028
112.6000,0.009,0.0452,5.026,-0.073,-0.3665,0,180.631,0.1809,5.028,52.419,0,0,-0.073,-0.3665,0,180.631,0.1809,5.028
112.8000,-0.014,-0.0704,5.026,-0.073,-0.3665,0,180.631,0.1809,5.028,53.013,0,0,-0.073,-0.3665,0,180.631,0.1809,5.028
113.0000,-0.024,-0.1206,5.026,-0.073,-0.3665,0,180.631,0.1809,5.028,52.824,0,0,-0.073,-0.3665,0,180.631,0.1809,5.028
113.2000,-0.025,-0.1256,5.024,-0.073,-0.3665,0,180.631,0.1809,5.028,52.837,0,0,-0.073,-0.3665,0,180.631,0.1809,5.028
113.4000,0,0,5.026,-0.073,-0.3665,0,180.631,0.1809,5.028,52.703,0,0,-0.073,-0.3665,0,180.631,0.1809,5.028
113.6000,-0.029,-0.1458,5.026,-0.073,-0.3665,0,180.631,0.1809,5.028,52.758,0,0,-0.073,-0.3665,0,180.631,0.1809,5.028
113.8000,-0.011,-0.0553,5.026,-0.073,-0.3665,0,180.631,0.1809,5.028,52.759,0,0,-0.073,-0.3665,0,180.631,0.1809,5.028
114.0000,-0.039,-0.196,5.026,-0.073,-0.3665,0,180.631,0.1809,5.028,52.462,0,0,-0.073,-0.3665,0,180.631,0.1809,5.028
114.2000,-0.02,-0.1005,5.026,-0.073,-0.3665,0,180.631,0.1809,5.028,52.718,0,0,-0.073,-0.3665,0,180.631,0.1809,5.028
114.4000,0,0,5.024,-0.073,-0.3665,0,180.631,0.1809,5.028,52.732,0,0,-0.073,-0.3665,0,180.631,0.1809,5.028
114.6000,-0.002,-0.01,5.024,-0.073,-0.3665,0,180.631,0.1809,5.028,52.381,0,0,-0.073,-0.3665,0,180.631,0.1809,5.028
114.8000,-0.016,-0.0804,5.026,-0.073,-0.3665,0,180.631,0.1809,5.028,52.637,0,0,-0.073,-0.3665,0,180.631,0.1809,5.028
115.0000,-0.024,-0.1206,5.026,-0.073,-0.3665,0,180.631,0.1809,5.028,52.624,0,0,-0.073,-0.3665,0,180.631,0.1809,5.028
115.2000,-0.025,-0.1257,5.026,-0.073,-0.3665,0,180.631,0.1809,5.028,52.489,0,0,-0.073,-0.3665,0,180.631,0.1809,5.028
115.4000,-0.011,-0.0553,5.024,-0.073,-0.3665,0,180.631,0.1809,5.028,52.583,0,0,-0.073,-0.3665,0,180.631,0.1809,5.028
115.6000,-0.002,-0.0101,5.026,-0.073,-0.3665,0,180.631,0.1809,5.028,52.556,0,0,-0.073,-0.3665,0,180.631,0.1809,5.028
115.8000,-0.007,-0.0352,5.026,-0.073,-0.3665,0,180.631,0.1809,5.028,52.759,0,0,-0.073,-0.3665,0,180.631,0.1809,5.028
116.0000,-0.027,-0.1357,5.026,-0.073,-0.3665,0,180.631,0.1809,5.028,52.556,0,0,-0.073,-0.3665,0,180.631,0.1809,5.028
116.2000,-0.021,-0.1055,5.026,-0.073,-0.3665,0,180.631,0.1809,5.028,52.651,0,0,-0.073,-0.3665,0,180.631,0.1809,5.028
116.4000,-0.009,-0.0452,5.026,-0.073,-0.3665,0,180.631,0.1809,5.028,52.799,0,0,-0.073,-0.3665,0,180.631,0.1809,5.028
116.6000,-0.045,-0.2262,5.026,-0.073,-0.3665,0,180.631,0.1809,5.028,52.583,0,0,-0.073,-0.3665,0,180.631,0.1809,5.028
116.8000,-0.02,-0.1005,5.026,-0.073,-0.3665,0,180.631,0.1809,5.028,52.826,0,0,-0.073,-0.3665,0,180.631,0.1809,5.028
117.0000,-0.012,-0.0603,5.024,-0.073,-0.3665,0,180.631,0.1809,5.028,52.799,0,0,-0.073,-0.3665,0,180.631,0.1809,5.028
117.2000,0.007,0.0352,5.026,-0.073,-0.3665,0,180.631,0.1809,5.028,52.787,0,0,-0.073,-0.3665,0,180.631,0.1809,5.028
117.4000,-0.02,-0.1005,5.024,-0.073,-0.3665,0,180.631,0.1809,5.028,52.76,0,0,-0.073,-0.3665,0,180.631,0.1809,5.028
117.6000,-0.021,-0.1055,5.026,-0.073,-0.3665,0,180.631,0.1809,5.028,52.746,0,0,-0.073,-0.3665,0,180.631,0.1809,5.028
117.8000,-0.019,-0.0955,5.024,-0.073,-0.3665,0,180.631,0.1809,5.028,52.692,0,0,-0.073,-0.3665,0,180.631,0.1809,5.028
118.0000,-0.026,-0.1307,5.026,-0.073,-0.3665,0,180.631,0.1809,5.028,52.571,0,0,-0.073,-0.3665,0,180.631,0.1809,5.028
118.2000,-0.003,-0.0151,5.026,-0.073,-0.3665,0,180.631,0.1809,5.028,52.772,0,0,-0.073,-0.3665,0,180.631,0.1809,5.028
118.4000,-0.014,-0.0704,5.026,-0.073,-0.3665,0,180.631,0.1809,5.028,52.812,0,0,-0.073,-0.3665,0,180.631,0.1809,5.028
118.6000,-0.009,-0.0452,5.026,-0.073,-0.3665,0,180.631,0.1809,5.028,52.583,0,0,-0.073,-0.3665,0,180.631,0.1809,5.028
118.8000,-0.028,-0.1407,5.026,-0.073,-0.3665,0,180.631,0.1809,5.028,52.826,0,0,-0.073,-0.3665,0,180.631,0.1809,5.028
119.0000,-0.008,-0.0394,4.92,-0.073,-0.3665,0,180.631,0.1809,5.028,177.355,0,0,-0.073,-0.3665,0,180.631,0.1809,5.028
119.2000,-0.01,-0.0492,4.92,-0.073,-0.3665,0,180.631,0.1809,5.028,177.139,0,0,-0.073,-0.3665,0,180.631,0.1809,5.028
119.4000,-0.024,-0.1206,5.024,-0.073,-0.3665,0,180.631,0.1809,5.028,52.745,0,0,-0.073,-0.3665,0,180.631,0.1809,5.028
119.6000,-0.025,-0.1256,5.024,-0.073,-0.3665,0,180.631,0.1809,5.028,52.664,0,0,-0.073,-0.3665,0,180.631,0.1809,5.028
119.8000,-0.023,-0.1156,5.024,-0.073,-0.3665,0,180.631,0.1809,5.028,52.61,0,0,-0.073,-0.3665,0,180.631,0.1809,5.028
