TotalTime(ms),Flag,EE1,EE2,EE3,EE4,EE5,EE6,EE7,EE8,EE9,EE10,EE11,EE12,minEE,Fair index,Loopcount,SF1,TP1,PRR1,InstantPRR1,InstantEE1,SF2,TP2,PRR2,InstantPRR2,InstantEE2,SF3,TP3,PRR3,InstantPRR3,InstantEE3,SF4,TP4,PRR4,InstantPRR4,InstantEE4,SF5,TP5,PRR5,InstantPRR5,InstantEE5,SF6,TP6,PRR6,InstantPRR6,InstantEE6,SF7,TP7,PRR7,InstantPRR7,InstantEE7,SF8,TP8,PRR8,InstantPRR8,InstantEE8,SF9,TP9,PRR9,InstantPRR9,InstantEE9,SF10,TP10,PRR10,InstantPRR10,InstantEE10,SF11,TP11,PRR11,InstantPRR11,InstantEE11,SF12,TP12,PRR12,InstantPRR12,InstantEE12,time
43560,0,1.638884,0,0,0,0,0,0,0,0,0,0,0,1.638884,NaN,32,8,0,1,1,0,0,0,0,0,0,0,0,0,0,0,0,0,0,0,0,0,0,0,0,0,0,0,0,0,0,0,0,0,0,0,0,0,0,0,0,0,0,0,0,0,0,0,0,0,0,0,0,0,0,0,0,0,0,0,0,2023-03-23T13:46:31Z
44564,1,1.638884,2.55258,0,0,0,0,0,0,0,0,0,0,1.638884,NaN,32,8,0,1,1,0,8,3,0.98861,1,0,0,0,0,0,0,0,0,0,0,0,0,0,0,0,0,0,0,0,0,0,0,0,0,0,0,0,0,0,0,0,0,0,0,0,0,0,0,0,0,0,0,0,0,0,0,0,0,0,0,0,2023-03-23T13:46:32Z
45568,2,1.638884,2.55258,1.706034,0,0,0,0,0,0,0,0,0,1.638884,NaN,32,8,0,1,1,0,8,3,0.98861,1,0,7,2,0.469403,1,0,0,0,0,0,0,0,0,0,0,0,0,0,0,0,0,0,0,0,0,0,0,0,0,0,0,0,0,0,0,0,0,0,0,0,0,0,0,0,0,0,0,0,0,0,0,2023-03-23T13:46:33Z
46570,3,1.638884,2.55258,1.706034,1.596683,0,0,0,0,0,0,0,0,1.596683,NaN,32,8,0,1,1,0,8,3,0.98861,1,0,7,2,0.469403,1,0,9,6,0.895383,1,0,0,0,0,0,0,0,0,0,0,0,0,0,0,0,0,0,0,0,0,0,0,0,0,0,0,0,0,0,0,0,0,0,0,0,0,0,0,0,0,0,2023-03-23T13:46:34Z
93751,0,2.96094,2.55258,1.706034,1.596683,0,0,0,0,0,0,0,0,1.596683,0.936784,32,7,1,0.947203,1,1.638884,8,3,0.98861,1,2.581989,7,2,0.469403,1,3.634476,9,6,0.895383,1,1.78324,0,0,0,0,0,0,0,0,0,0,0,0,0,0,0,0,0,0,0,0,0,0,0,0,0,0,0,0,0,0,0,0,0,0,0,0,0,0,0,0,2023-03-23T13:47:21Z
94796,1,2.96094,2.943606,1.706034,1.596683,0,0,0,0,0,0,0,0,1.596683,0.925803,32,7,1,0.947203,1,1.638884,7,1,0.941658,1,2.581989,7,2,0.469403,1,3.634476,9,6,0.895383,1,1.78324,0,0,0,0,0,0,0,0,0,0,0,0,0,0,0,0,0,0,0,0,0,0,0,0,0,0,0,0,0,0,0,0,0,0,0,0,0,0,0,0,2023-03-23T13:47:22Z
116865,3,2.96094,2.943606,1.706034,1.507217,0,0,0,0,0,0,0,0,1.507217,0.919047,32,7,1,0.947203,1,1.780016,7,1,0.941658,1,2.717085,7,2,0.469403,1,3.634476,9,4,0.999869,0.833333,1.78324,0,0,0,0,0,0,0,0,0,0,0,0,0,0,0,0,0,0,0,0,0,0,0,0,0,0,0,0,0,0,0,0,0,0,0,0,0,0,0,0,2023-03-23T13:47:44Z
125903,2,2.96094,2.943606,2.01051,1.507217,0,0,0,0,0,0,0,0,1.507217,0.934682,32,7,1,0.947203,1,1.896682,7,1,0.941658,1,2.76225,7,2,0.553177,0.769231,3.634476,9,4,0.999869,0.833333,1.78324,0,0,0,0,0,0,0,0,0,0,0,0,0,0,0,0,0,0,0,0,0,0,0,0,0,0,0,0,0,0,0,0,0,0,0,0,0,0,0,0,2023-03-23T13:47:53Z
144989,1,2.96094,2.776001,2.01051,1.507217,0,0,0,0,0,0,0,0,1.507217,0.93966,32,7,1,0.947203,1,2.078304,7,1,0.888041,1,2.828063,7,2,0.553177,0.769231,3.634476,9,4,0.999869,0.833333,1.694644,0,0,0,0,0,0,0,0,0,0,0,0,0,0,0,0,0,0,0,0,0,0,0,0,0,0,0,0,0,0,0,0,0,0,0,0,0,0,0,0,2023-03-23T13:48:12Z
154057,0,2.866341,2.776001,2.01051,1.507217,0,0,0,0,0,0,0,0,1.507217,0.94337,32,7,0,0.998961,0.9375,2.150374,7,1,0.888041,1,2.828063,7,2,0.553177,0.769231,3.634476,9,4,0.999869,0.833333,1.668736,0,0,0,0,0,0,0,0,0,0,0,0,0,0,0,0,0,0,0,0,0,0,0,0,0,0,0,0,0,0,0,0,0,0,0,0,0,0,0,0,2023-03-23T13:48:21Z
167108,3,2.866341,2.776001,2.01051,2.478098,0,0,0,0,0,0,0,0,2.01051,0.982909,32,7,0,0.998961,0.9375,2.200498,7,1,0.888041,1,2.873709,7,2,0.553177,0.769231,3.634476,8,3,0.959763,0.882353,1.633767,0,0,0,0,0,0,0,0,0,0,0,0,0,0,0,0,0,0,0,0,0,0,0,0,0,0,0,0,0,0,0,0,0,0,0,0,0,0,0,0,2023-03-23T13:48:34Z
195193,1,2.866341,2.843088,2.01051,2.478098,0,0,0,0,0,0,0,0,2.01051,0.981792,32,7,0,0.998961,0.9375,2.316189,7,1,0.909502,1,2.920853,7,2,0.553177,0.769231,3.634476,8,3,0.959763,0.882353,1.740286,0,0,0,0,0,0,0,0,0,0,0,0,0,0,0,0,0,0,0,0,0,0,0,0,0,0,0,0,0,0,0,0,0,0,0,0,0,0,0,0,2023-03-23T13:49:02Z
204240,0,2.867224,2.843088,2.01051,2.478098,0,0,0,0,0,0,0,0,2.01051,0.981774,32,7,0,0.999269,0.952381,2.346344,7,1,0.909502,1,2.920853,7,2,0.553177,0.769231,3.634476,8,3,0.959763,0.882353,1.785048,0,0,0,0,0,0,0,0,0,0,0,0,0,0,0,0,0,0,0,0,0,0,0,0,0,0,0,0,0,0,0,0,0,0,0,0,0,0,0,0,2023-03-23T13:49:11Z
206258,2,2.867224,2.843088,2.995576,2.478098,0,0,0,0,0,0,0,0,2.478098,0.995284,32,7,0,0.999269,0.952381,2.346344,7,1,0.909502,1,2.932882,7,1,0.958283,0.714286,3.634476,8,3,0.959763,0.882353,1.785048,0,0,0,0,0,0,0,0,0,0,0,0,0,0,0,0,0,0,0,0,0,0,0,0,0,0,0,0,0,0,0,0,0,0,0,0,0,0,0,0,2023-03-23T13:49:13Z
217267,3,2.867224,2.843088,2.995576,2.508888,0,0,0,0,0,0,0,0,2.508888,0.995904,32,7,0,0.999269,0.952381,2.37338,7,1,0.909502,1,2.943578,7,1,0.958283,0.714286,3.581513,8,3,0.971688,0.909091,1.861663,0,0,0,0,0,0,0,0,0,0,0,0,0,0,0,0,0,0,0,0,0,0,0,0,0,0,0,0,0,0,0,0,0,0,0,0,0,0,0,0,2023-03-23T13:49:24Z
245373,1,2.867224,2.501278,2.995576,2.508888,0,0,0,0,0,0,0,0,2.501278,0.993612,32,7,0,0.999269,0.952381,2.439969,8,3,0.968741,1,2.96957,7,1,0.958283,0.714286,3.502979,8,3,0.971688,0.909091,1.924838,0,0,0,0,0,0,0,0,0,0,0,0,0,0,0,0,0,0,0,0,0,0,0,0,0,0,0,0,0,0,0,0,0,0,0,0,0,0,0,0,2023-03-23T13:49:52Z
254397,0,2.867139,2.501278,2.995576,2.508888,0,0,0,0,0,0,0,0,2.501278,0.993613,32,7,0,0.999239,0.961538,2.458362,8,3,0.968741,1,2.96957,7,1,0.958283,0.714286,3.473061,8,3,0.971688,0.909091,1.952445,0,0,0,0,0,0,0,0,0,0,0,0,0,0,0,0,0,0,0,0,0,0,0,0,0,0,0,0,0,0,0,0,0,0,0,0,0,0,0,0,2023-03-23T13:50:01Z
256405,2,2.867139,2.501278,2.503134,2.508888,0,0,0,0,0,0,0,0,2.501278,0.99635,32,7,0,0.999239,0.961538,2.458362,8,3,0.968741,1,2.948494,8,3,0.96946,0.769231,3.447542,8,3,0.971688,0.909091,1.952445,0,0,0,0,0,0,0,0,0,0,0,0,0,0,0,0,0,0,0,0,0,0,0,0,0,0,0,0,0,0,0,0,0,0,0,0,0,0,0,0,2023-03-23T13:50:03Z
267440,3,2.867139,2.501278,2.503134,2.952452,0,0,0,0,0,0,0,0,2.501278,0.994237,32,7,0,0.999239,0.961538,2.475244,8,3,0.968741,1,2.929591,8,3,0.96946,0.769231,3.376793,7,1,0.944488,0.925926,2.00124,0,0,0,0,0,0,0,0,0,0,0,0,0,0,0,0,0,0,0,0,0,0,0,0,0,0,0,0,0,0,0,0,0,0,0,0,0,0,0,0,2023-03-23T13:50:14Z
295539,1,2.867139,2.421117,2.503134,2.952452,0,0,0,0,0,0,0,0,2.421117,0.992864,32,7,0,0.999239,0.961538,2.518481,8,3,0.937694,1,2.883016,8,3,0.96946,0.769231,3.265116,7,1,0.944488,0.925926,2.068913,0,0,0,0,0,0,0,0,0,0,0,0,0,0,0,0,0,0,0,0,0,0,0,0,0,0,0,0,0,0,0,0,0,0,0,0,0,0,0,0,2023-03-23T13:50:42Z
304574,0,2.412018,2.421117,2.503134,2.952452,0,0,0,0,0,0,0,0,2.412018,0.99258,32,8,3,0.934171,0.967742,2.530859,8,3,0.937694,1,2.883016,8,3,0.96946,0.769231,3.220274,7,1,0.944488,0.925926,2.099785,0,0,0,0,0,0,0,0,0,0,0,0,0,0,0,0,0,0,0,0,0,0,0,0,0,0,0,0,0,0,0,0,0,0,0,0,0,0,0,0,2023-03-23T13:50:52Z
306605,2,2.412018,2.421117,1.600872,2.952452,0,0,0,0,0,0,0,0,1.600872,0.959363,32,8,3,0.934171,0.967742,2.530859,8,3,0.937694,1,2.870146,8,4,0.571689,0.806452,3.180956,7,1,0.944488,0.925926,2.099785,0,0,0,0,0,0,0,0,0,0,0,0,0,0,0,0,0,0,0,0,0,0,0,0,0,0,0,0,0,0,0,0,0,0,0,0,0,0,0,0,2023-03-23T13:50:54Z
317632,3,2.412018,2.421117,1.600872,3.004951,0,0,0,0,0,0,0,0,1.600872,0.957087,32,8,3,0.934171,0.967742,2.532788,8,3,0.937694,1,2.858331,8,4,0.571689,0.806452,3.160495,7,1,0.961282,0.9375,2.156417,0,0,0,0,0,0,0,0,0,0,0,0,0,0,0,0,0,0,0,0,0,0,0,0,0,0,0,0,0,0,0,0,0,0,0,0,0,0,0,0,2023-03-23T13:51:05Z
345749,1,2.412018,2.500416,1.600872,3.004951,0,0,0,0,0,0,0,0,1.600872,0.957184,32,8,3,0.934171,0.967742,2.537791,8,3,0.968407,1,2.828063,8,4,0.571689,0.806452,3.160495,7,1,0.961282,0.9375,2.182453,0,0,0,0,0,0,0,0,0,0,0,0,0,0,0,0,0,0,0,0,0,0,0,0,0,0,0,0,0,0,0,0,0,0,0,0,0,0,0,0,2023-03-23T13:51:33Z
354762,0,2.927398,2.500416,1.600872,3.004951,0,0,0,0,0,0,0,0,1.600872,0.952836,32,7,1,0.936473,0.972222,2.53924,8,3,0.968407,1,2.828063,8,4,0.571689,0.806452,3.160495,7,1,0.961282,0.9375,2.207126,0,0,0,0,0,0,0,0,0,0,0,0,0,0,0,0,0,0,0,0,0,0,0,0,0,0,0,0,0,0,0,0,0,0,0,0,0,0,0,0,2023-03-23T13:51:42Z
377853,3,2.927398,2.500416,1.600872,2.928009,0,0,0,0,0,0,0,0,1.600872,0.95478,32,7,1,0.936473,0.972222,2.569382,8,3,0.968407,1,2.803772,8,4,0.571689,0.806452,3.125531,7,1,0.936668,0.921053,2.273968,0,0,0,0,0,0,0,0,0,0,0,0,0,0,0,0,0,0,0,0,0,0,0,0,0,0,0,0,0,0,0,0,0,0,0,0,0,0,0,0,2023-03-23T13:52:05Z
395913,1,2.927398,1.638882,1.600872,2.928009,0,0,0,0,0,0,0,0,1.600872,0.923582,32,7,1,0.936473,0.972222,2.596578,8,0,0.999999,1,2.790077,8,4,0.571689,0.806452,3.110476,7,1,0.936668,0.921053,2.273968,0,0,0,0,0,0,0,0,0,0,0,0,0,0,0,0,0,0,0,0,0,0,0,0,0,0,0,0,0,0,0,0,0,0,0,0,0,0,0,0,2023-03-23T13:52:23Z
404934,0,2.868388,1.638882,1.600872,2.928009,0,0,0,0,0,0,0,0,1.600872,0.925776,32,7,0,0.999674,0.97561,2.609203,8,0,0.999999,1,2.790077,8,4,0.571689,0.806452,3.110476,7,1,0.936668,0.921053,2.294138,0,0,0,0,0,0,0,0,0,0,0,0,0,0,0,0,0,0,0,0,0,0,0,0,0,0,0,0,0,0,0,0,0,0,0,0,0,0,0,0,2023-03-23T13:52:32Z
416983,2,2.868388,1.638882,1.565793,2.928009,0,0,0,0,0,0,0,0,1.565793,0.923254,32,7,0,0.999674,0.97561,2.61579,8,0,0.999999,1,2.688016,9,6,0.878061,0.714286,3.096753,7,1,0.936668,0.921053,2.313376,0,0,0,0,0,0,0,0,0,0,0,0,0,0,0,0,0,0,0,0,0,0,0,0,0,0,0,0,0,0,0,0,0,0,0,0,0,0,0,0,2023-03-23T13:52:44Z
438091,3,2.868388,1.638882,1.565793,3.001788,0,0,0,0,0,0,0,0,1.565793,0.920102,32,7,0,0.999674,0.97561,2.628012,8,0,0.999999,1,2.602578,9,6,0.878061,0.714286,3.011438,7,1,0.96027,0.909091,2.366096,0,0,0,0,0,0,0,0,0,0,0,0,0,0,0,0,0,0,0,0,0,0,0,0,0,0,0,0,0,0,0,0,0,0,0,0,0,0,0,0,2023-03-23T13:53:05Z
446133,1,2.868388,1.592991,1.565793,3.001788,0,0,0,0,0,0,0,0,1.565793,0.916897,32,7,0,0.999674,0.97561,2.633691,7,2,0.4383,1,2.564873,9,6,0.878061,0.714286,3.011438,7,1,0.96027,0.909091,2.366096,0,0,0,0,0,0,0,0,0,0,0,0,0,0,0,0,0,0,0,0,0,0,0,0,0,0,0,0,0,0,0,0,0,0,0,0,0,0,0,0,2023-03-23T13:53:13Z
455165,0,2.963196,1.592991,1.565793,3.001788,0,0,0,0,0,0,0,0,1.565793,0.913531,32,7,1,0.947925,0.978261,2.639109,7,2,0.4383,1,2.564873,9,6,0.878061,0.714286,2.93653,7,1,0.96027,0.909091,2.382182,0,0,0,0,0,0,0,0,0,0,0,0,0,0,0,0,0,0,0,0,0,0,0,0,0,0,0,0,0,0,0,0,0,0,0,0,0,0,0,0,2023-03-23T13:53:22Z
477279,2,2.963196,1.592991,1.661773,3.001788,0,0,0,0,0,0,0,0,1.592991,0.920338,32,7,1,0.947925,0.978261,2.658829,7,2,0.4383,1,2.583416,9,5,0.991366,0.729167,2.75815,7,1,0.96027,0.909091,2.412393,0,0,0,0,0,0,0,0,0,0,0,0,0,0,0,0,0,0,0,0,0,0,0,0,0,0,0,0,0,0,0,0,0,0,0,0,0,0,0,0,2023-03-23T13:53:44Z
488319,3,2.963196,1.592991,1.661773,2.933084,0,0,0,0,0,0,0,0,1.592991,0.922971,32,7,1,0.947925,0.978261,2.668102,7,2,0.4383,1,2.583416,9,5,0.991366,0.729167,2.701895,7,1,0.938292,0.918367,2.440245,0,0,0,0,0,0,0,0,0,0,0,0,0,0,0,0,0,0,0,0,0,0,0,0,0,0,0,0,0,0,0,0,0,0,0,0,0,0,0,0,2023-03-23T13:53:55Z
505364,0,3.035945,1.592991,1.661773,2.933084,0,0,0,0,0,0,0,0,1.592991,0.920003,32,7,1,0.971197,0.980392,2.685585,7,2,0.4383,1,2.583416,9,5,0.991366,0.729167,2.651201,7,1,0.938292,0.918367,2.453372,0,0,0,0,0,0,0,0,0,0,0,0,0,0,0,0,0,0,0,0,0,0,0,0,0,0,0,0,0,0,0,0,0,0,0,0,0,0,0,0,2023-03-23T13:54:12Z
527462,2,3.035945,1.592991,1.669709,2.933084,0,0,0,0,0,0,0,0,1.592991,0.920534,32,7,1,0.971197,0.980392,2.701782,7,2,0.4383,1,2.601328,9,5,0.996101,0.754717,2.525305,7,1,0.938292,0.918367,2.478173,0,0,0,0,0,0,0,0,0,0,0,0,0,0,0,0,0,0,0,0,0,0,0,0,0,0,0,0,0,0,0,0,0,0,0,0,0,0,0,0,2023-03-23T13:54:34Z
538531,3,3.035945,1.592991,1.669709,2.906059,0,0,0,0,0,0,0,0,1.592991,0.921434,32,7,1,0.971197,0.980392,2.709442,7,2,0.4383,1,2.618639,9,5,0.996101,0.754717,2.490266,7,1,0.929647,0.925926,2.50121,0,0,0,0,0,0,0,0,0,0,0,0,0,0,0,0,0,0,0,0,0,0,0,0,0,0,0,0,0,0,0,0,0,0,0,0,0,0,0,0,2023-03-23T13:54:45Z
555581,0,2.899253,1.592991,1.669709,2.906059,0,0,0,0,0,0,0,0,1.592991,0.926986,32,7,1,0.927469,0.982143,2.723961,7,2,0.4383,1,2.618639,9,5,0.996101,0.754717,2.458005,7,1,0.929647,0.925926,2.512125,0,0,0,0,0,0,0,0,0,0,0,0,0,0,0,0,0,0,0,0,0,0,0,0,0,0,0,0,0,0,0,0,0,0,0,0,0,0,0,0,2023-03-23T13:55:03Z
577660,2,2.899253,1.592991,1.507105,2.906059,0,0,0,0,0,0,0,0,1.507105,0.915361,32,7,1,0.927469,0.982143,2.737502,7,2,0.4383,1,2.63538,9,4,0.999795,0.775862,2.374934,7,1,0.929647,0.925926,2.532849,0,0,0,0,0,0,0,0,0,0,0,0,0,0,0,0,0,0,0,0,0,0,0,0,0,0,0,0,0,0,0,0,0,0,0,0,0,0,0,0,2023-03-23T13:55:25Z
586690,1,2.899253,3.013602,1.507105,2.906059,0,0,0,0,0,0,0,0,1.507105,0.945138,32,7,1,0.927469,0.982143,2.743936,7,1,0.96405,0.847458,2.651578,9,4,0.999795,0.775862,2.374934,7,1,0.929647,0.925926,2.542695,0,0,0,0,0,0,0,0,0,0,0,0,0,0,0,0,0,0,0,0,0,0,0,0,0,0,0,0,0,0,0,0,0,0,0,0,0,0,0,0,2023-03-23T13:55:34Z
588713,3,2.899253,3.013602,1.507105,3.004824,0,0,0,0,0,0,0,0,1.507105,0.943769,32,7,1,0.927469,0.982143,2.743936,7,1,0.96405,0.847458,2.651578,9,4,0.999795,0.775862,2.34206,7,1,0.961242,0.932203,2.55222,0,0,0,0,0,0,0,0,0,0,0,0,0,0,0,0,0,0,0,0,0,0,0,0,0,0,0,0,0,0,0,0,0,0,0,0,0,0,0,0,2023-03-23T13:55:36Z
615822,0,2.866792,3.013602,1.507105,3.004824,0,0,0,0,0,0,0,0,1.507105,0.944039,32,7,0,0.999118,0.967742,2.756185,7,1,0.96405,0.847458,2.668813,9,4,0.999795,0.775862,2.283259,7,1,0.961242,0.932203,2.570365,0,0,0,0,0,0,0,0,0,0,0,0,0,0,0,0,0,0,0,0,0,0,0,0,0,0,0,0,0,0,0,0,0,0,0,0,0,0,0,0,2023-03-23T13:56:03Z
627876,2,2.866792,3.013602,1.507234,3.004824,0,0,0,0,0,0,0,0,1.507234,0.944049,32,7,0,0.999118,0.967742,2.758127,7,1,0.96405,0.847458,2.684839,9,4,0.99988,0.793651,2.232197,7,1,0.961242,0.932203,2.579014,0,0,0,0,0,0,0,0,0,0,0,0,0,0,0,0,0,0,0,0,0,0,0,0,0,0,0,0,0,0,0,0,0,0,0,0,0,0,0,0,2023-03-23T13:56:15Z
636913,1,2.866792,2.867167,1.507234,3.004824,0,0,0,0,0,0,0,0,1.507234,0.946119,32,7,0,0.999118,0.967742,2.760003,7,0,0.999249,0.859375,2.692439,9,4,0.99988,0.793651,2.232197,7,1,0.961242,0.932203,2.587398,0,0,0,0,0,0,0,0,0,0,0,0,0,0,0,0,0,0,0,0,0,0,0,0,0,0,0,0,0,0,0,0,0,0,0,0,0,0,0,0,2023-03-23T13:56:24Z
638936,3,2.866792,2.867167,1.507234,2.992084,0,0,0,0,0,0,0,0,1.507234,0.946374,32,7,0,0.999118,0.967742,2.760003,7,0,0.999249,0.859375,2.692439,9,4,0.99988,0.793651,2.209107,7,1,0.957166,0.9375,2.595529,0,0,0,0,0,0,0,0,0,0,0,0,0,0,0,0,0,0,0,0,0,0,0,0,0,0,0,0,0,0,0,0,0,0,0,0,0,0,0,0,2023-03-23T13:56:26Z
666007,0,2.866102,2.867167,1.507234,2.992084,0,0,0,0,0,0,0,0,1.507234,0.946382,32,7,0,0.998877,0.970149,2.765271,7,0,0.999249,0.859375,2.698838,9,4,0.99988,0.793651,2.167075,7,1,0.957166,0.9375,2.611076,0,0,0,0,0,0,0,0,0,0,0,0,0,0,0,0,0,0,0,0,0,0,0,0,0,0,0,0,0,0,0,0,0,0,0,0,0,0,0,0,2023-03-23T13:56:53Z
678086,2,2.866102,2.867167,2.23699,2.992084,0,0,0,0,0,0,0,0,2.23699,0.988529,32,7,0,0.998877,0.970149,2.766916,7,0,0.999249,0.859375,2.70479,8,4,0.798853,0.808824,2.129794,7,1,0.957166,0.9375,2.618512,0,0,0,0,0,0,0,0,0,0,0,0,0,0,0,0,0,0,0,0,0,0,0,0,0,0,0,0,0,0,0,0,0,0,0,0,0,0,0,0,2023-03-23T13:57:05Z
687120,1,2.866102,2.924616,2.23699,2.992084,0,0,0,0,0,0,0,0,2.23699,0.988099,32,7,0,0.998877,0.970149,2.76851,7,1,0.935583,0.869565,2.707613,8,4,0.798853,0.808824,2.129794,7,1,0.957166,0.9375,2.625737,0,0,0,0,0,0,0,0,0,0,0,0,0,0,0,0,0,0,0,0,0,0,0,0,0,0,0,0,0,0,0,0,0,0,0,0,0,0,0,0,2023-03-23T13:57:14Z
689122,3,2.866102,2.924616,2.23699,2.866261,0,0,0,0,0,0,0,0,2.23699,0.9894,32,7,0,0.998877,0.970149,2.76851,7,1,0.935583,0.869565,2.707613,8,4,0.798853,0.808824,2.13984,7,0,0.998933,0.942029,2.632759,0,0,0,0,0,0,0,0,0,0,0,0,0,0,0,0,0,0,0,0,0,0,0,0,0,0,0,0,0,0,0,0,0,0,0,0,0,0,0,0,2023-03-23T13:57:16Z
716314,0,2.966509,2.924616,2.23699,2.866261,0,0,0,0,0,0,0,0,2.23699,0.988419,32,7,1,0.948985,0.972222,2.773006,7,1,0.935583,0.869565,2.720388,8,4,0.798853,0.808824,2.159055,7,0,0.998933,0.942029,2.639779,0,0,0,0,0,0,0,0,0,0,0,0,0,0,0,0,0,0,0,0,0,0,0,0,0,0,0,0,0,0,0,0,0,0,0,0,0,0,0,0,2023-03-23T13:57:43Z
728274,2,2.966509,2.924616,2.119305,2.866261,0,0,0,0,0,0,0,0,2.119305,0.983871,32,7,1,0.948985,0.972222,2.777759,7,1,0.935583,0.869565,2.732406,8,4,0.756827,0.821918,2.177183,7,0,0.998933,0.942029,2.643136,0,0,0,0,0,0,0,0,0,0,0,0,0,0,0,0,0,0,0,0,0,0,0,0,0,0,0,0,0,0,0,0,0,0,0,0,0,0,0,0,2023-03-23T13:57:55Z
737310,1,2.966509,3.050075,2.119305,2.866261,0,0,0,0,0,0,0,0,2.119305,0.982207,32,7,1,0.948985,0.972222,2.782385,7,1,0.975717,0.878378,2.738151,8,4,0.756827,0.821918,2.177183,7,0,0.998933,0.942029,2.646395,0,0,0,0,0,0,0,0,0,0,0,0,0,0,0,0,0,0,0,0,0,0,0,0,0,0,0,0,0,0,0,0,0,0,0,0,0,0,0,0,2023-03-23T13:58:04Z
739317,3,2.966509,3.050075,2.119305,2.863563,0,0,0,0,0,0,0,0,2.119305,0.982218,32,7,1,0.948985,0.972222,2.782385,7,1,0.975717,0.878378,2.738151,8,4,0.756827,0.821918,2.185868,7,0,0.997992,0.945946,2.649562,0,0,0,0,0,0,0,0,0,0,0,0,0,0,0,0,0,0,0,0,0,0,0,0,0,0,0,0,0,0,0,0,0,0,0,0,0,0,0,0,2023-03-23T13:58:06Z
766420,0,1.78547,3.050075,2.119305,2.863563,0,0,0,0,0,0,0,0,1.78547,0.957033,32,8,1,0.999994,0.974026,2.795554,7,1,0.975717,0.878378,2.749154,8,4,0.756827,0.821918,2.194315,7,0,0.997992,0.945946,2.655634,0,0,0,0,0,0,0,0,0,0,0,0,0,0,0,0,0,0,0,0,0,0,0,0,0,0,0,0,0,0,0,0,0,0,0,0,0,0,0,0,2023-03-23T13:58:33Z
787506,1,1.78547,2.933697,2.119305,2.863563,0,0,0,0,0,0,0,0,1.78547,0.961057,32,8,1,0.999994,0.974026,2.752303,7,1,0.938488,0.886076,2.764535,8,4,0.756827,0.821918,2.202532,7,0,0.997992,0.945946,2.661379,0,0,0,0,0,0,0,0,0,0,0,0,0,0,0,0,0,0,0,0,0,0,0,0,0,0,0,0,0,0,0,0,0,0,0,0,0,0,0,0,2023-03-23T13:58:54Z
789518,3,1.78547,2.933697,2.119305,2.866021,0,0,0,0,0,0,0,0,1.78547,0.960991,32,8,1,0.999994,0.974026,2.752303,7,1,0.938488,0.886076,2.764535,8,4,0.756827,0.821918,2.202532,7,0,0.998849,0.949367,2.664137,0,0,0,0,0,0,0,0,0,0,0,0,0,0,0,0,0,0,0,0,0,0,0,0,0,0,0,0,0,0,0,0,0,0,0,0,0,0,0,0,2023-03-23T13:58:56Z
816621,0,2.867734,2.933697,2.119305,2.866021,0,0,0,0,0,0,0,0,2.119305,0.98485,32,7,0,0.999446,0.97561,2.693953,7,1,0.938488,0.886076,2.77411,8,4,0.756827,0.821918,2.210529,7,0,0.998849,0.949367,2.669439,0,0,0,0,0,0,0,0,0,0,0,0,0,0,0,0,0,0,0,0,0,0,0,0,0,0,0,0,0,0,0,0,0,0,0,0,0,0,0,0,2023-03-23T13:59:24Z
828699,2,2.867734,2.933697,2.069834,2.866021,0,0,0,0,0,0,0,0,2.069834,0.982732,32,7,0,0.999446,0.97561,2.696122,7,1,0.938488,0.886076,2.783191,7,2,0.5695,0.783133,2.218315,7,0,0.998849,0.949367,2.671989,0,0,0,0,0,0,0,0,0,0,0,0,0,0,0,0,0,0,0,0,0,0,0,0,0,0,0,0,0,0,0,0,0,0,0,0,0,0,0,0,2023-03-23T13:59:36Z
837737,1,2.867734,2.98867,2.069834,2.866021,0,0,0,0,0,0,0,0,2.069834,0.981921,32,7,0,0.999446,0.97561,2.698237,7,1,0.956074,0.892857,2.787558,7,2,0.5695,0.783133,2.218315,7,0,0.998849,0.949367,2.674475,0,0,0,0,0,0,0,0,0,0,0,0,0,0,0,0,0,0,0,0,0,0,0,0,0,0,0,0,0,0,0,0,0,0,0,0,0,0,0,0,2023-03-23T13:59:45Z
839757,3,2.867734,2.98867,2.069834,2.863492,0,0,0,0,0,0,0,0,2.069834,0.981941,32,7,0,0.999446,0.97561,2.698237,7,1,0.956074,0.892857,2.787558,7,2,0.5695,0.783133,2.218315,7,0,0.997968,0.952381,2.676899,0,0,0,0,0,0,0,0,0,0,0,0,0,0,0,0,0,0,0,0,0,0,0,0,0,0,0,0,0,0,0,0,0,0,0,0,0,0,0,0,2023-03-23T13:59:47Z
866857,0,2.867188,2.98867,2.069834,2.863492,0,0,0,0,0,0,0,0,2.069834,0.981945,32,7,0,0.999256,0.977011,2.704284,7,1,0.956074,0.892857,2.795966,7,2,0.5695,0.783133,2.232576,7,0,0.997968,0.952381,2.68157,0,0,0,0,0,0,0,0,0,0,0,0,0,0,0,0,0,0,0,0,0,0,0,0,0,0,0,0,0,0,0,0,0,0,0,0,0,0,0,0,2023-03-23T14:00:14Z
887954,1,2.867188,2.934932,2.069834,2.863492,0,0,0,0,0,0,0,0,2.069834,0.982743,32,7,0,0.999256,0.977011,2.708083,7,1,0.938883,0.898876,2.807823,7,2,0.5695,0.783133,2.232576,7,0,0.997968,0.952381,2.686019,0,0,0,0,0,0,0,0,0,0,0,0,0,0,0,0,0,0,0,0,0,0,0,0,0,0,0,0,0,0,0,0,0,0,0,0,0,0,0,0,2023-03-23T14:00:35Z
889976,3,2.867188,2.934932,2.069834,2.865607,0,0,0,0,0,0,0,0,2.069834,0.982724,32,7,0,0.999256,0.977011,2.708083,7,1,0.938883,0.898876,2.807823,7,2,0.5695,0.783133,2.246553,7,0,0.998705,0.955056,2.688166,0,0,0,0,0,0,0,0,0,0,0,0,0,0,0,0,0,0,0,0,0,0,0,0,0,0,0,0,0,0,0,0,0,0,0,0,0,0,0,0,2023-03-23T14:00:37Z
917073,0,2.865325,2.934932,2.069834,2.865607,0,0,0,0,0,0,0,0,2.069834,0.982741,32,7,0,0.998607,0.978261,2.713464,7,1,0.938883,0.898876,2.815265,7,2,0.5695,0.783133,2.246553,7,0,0.998705,0.955056,2.692312,0,0,0,0,0,0,0,0,0,0,0,0,0,0,0,0,0,0,0,0,0,0,0,0,0,0,0,0,0,0,0,0,0,0,0,0,0,0,0,0,2023-03-23T14:01:04Z
938189,1,2.865325,2.977794,2.069834,2.865607,0,0,0,0,0,0,0,0,2.069834,0.982115,32,7,0,0.998607,0.978261,2.716857,7,1,0.952595,0.904255,2.825798,7,2,0.5695,0.783133,2.260253,7,0,0.998705,0.955056,2.696272,0,0,0,0,0,0,0,0,0,0,0,0,0,0,0,0,0,0,0,0,0,0,0,0,0,0,0,0,0,0,0,0,0,0,0,0,0,0,0,0,2023-03-23T14:01:25Z
940202,3,2.865325,2.977794,2.069834,2.812475,0,0,0,0,0,0,0,0,2.069834,0.982479,32,7,0,0.998607,0.978261,2.716857,7,1,0.952595,0.904255,2.825798,7,2,0.5695,0.783133,2.260253,7,1,0.899709,0.957447,2.698187,0,0,0,0,0,0,0,0,0,0,0,0,0,0,0,0,0,0,0,0,0,0,0,0,0,0,0,0,0,0,0,0,0,0,0,0,0,0,0,0,2023-03-23T14:01:27Z
967301,0,2.866847,2.977794,2.069834,2.812475,0,0,0,0,0,0,0,0,2.069834,0.982465,32,7,0,0.999137,0.979381,2.721678,7,1,0.952595,0.904255,2.832432,7,2,0.5695,0.783133,2.273686,7,1,0.899709,0.957447,2.702487,0,0,0,0,0,0,0,0,0,0,0,0,0,0,0,0,0,0,0,0,0,0,0,0,0,0,0,0,0,0,0,0,0,0,0,0,0,0,0,0,2023-03-23T14:01:54Z
979359,2,2.866847,2.977794,2.931574,2.812475,0,0,0,0,0,0,0,0,2.812475,0.99953,32,7,0,0.999137,0.979381,2.723217,7,1,0.952595,0.904255,2.835641,7,1,0.937809,0.714286,2.286859,7,1,0.899709,0.957447,2.706702,0,0,0,0,0,0,0,0,0,0,0,0,0,0,0,0,0,0,0,0,0,0,0,0,0,0,0,0,0,0,0,0,0,0,0,0,0,0,0,0,2023-03-23T14:02:06Z
998427,1,2.866847,2.768214,2.931574,2.812475,0,0,0,0,0,0,0,0,2.768214,0.999539,32,7,0,0.999137,0.979381,2.726203,7,1,0.88555,0.9,2.841851,7,1,0.937809,0.714286,2.296198,7,1,0.899709,0.957447,2.714885,0,0,0,0,0,0,0,0,0,0,0,0,0,0,0,0,0,0,0,0,0,0,0,0,0,0,0,0,0,0,0,0,0,0,0,0,0,0,0,0,2023-03-23T14:02:25Z
1000455,3,2.866847,2.768214,2.931574,2.86507,0,0,0,0,0,0,0,0,2.768214,0.999584,32,7,0,0.999137,0.979381,2.726203,7,1,0.88555,0.9,2.841851,7,1,0.937809,0.714286,2.305331,7,0,0.998518,0.95,2.718858,0,0,0,0,0,0,0,0,0,0,0,0,0,0,0,0,0,0,0,0,0,0,0,0,0,0,0,0,0,0,0,0,0,0,0,0,0,0,0,0,2023-03-23T14:02:27Z
1017525,0,2.864701,2.768214,2.931574,2.86507,0,0,0,0,0,0,0,0,2.768214,0.999585,32,7,0,0.998389,0.980392,2.729069,7,1,0.88555,0.9,2.844858,7,1,0.937809,0.714286,2.314266,7,0,0.998518,0.95,2.720425,0,0,0,0,0,0,0,0,0,0,0,0,0,0,0,0,0,0,0,0,0,0,0,0,0,0,0,0,0,0,0,0,0,0,0,0,0,0,0,0,2023-03-23T14:02:44Z
1029578,2,2.864701,2.768214,2.866723,2.86507,0,0,0,0,0,0,0,0,2.768214,0.99978,32,7,0,0.998389,0.980392,2.730459,7,1,0.88555,0.9,2.850685,7,0,0.999094,0.728155,2.331564,7,0,0.998518,0.95,2.721961,0,0,0,0,0,0,0,0,0,0,0,0,0,0,0,0,0,0,0,0,0,0,0,0,0,0,0,0,0,0,0,0,0,0,0,0,0,0,0,0,2023-03-23T14:02:57Z
1048643,1,2.864701,2.547287,2.866723,2.86507,0,0,0,0,0,0,0,0,2.547287,0.99756,32,7,0,0.998389,0.980392,2.733158,8,3,0.98656,0.904762,2.856274,7,0,0.999094,0.728155,2.337735,7,0,0.998518,0.95,2.724938,0,0,0,0,0,0,0,0,0,0,0,0,0,0,0,0,0,0,0,0,0,0,0,0,0,0,0,0,0,0,0,0,0,0,0,0,0,0,0,0,2023-03-23T14:03:16Z
1050657,3,2.864701,2.547287,2.866723,2.864119,0,0,0,0,0,0,0,0,2.547287,0.997564,32,7,0,0.998389,0.980392,2.733158,8,3,0.98656,0.904762,2.856274,7,0,0.999094,0.728155,2.343766,7,0,0.998186,0.952381,2.726382,0,0,0,0,0,0,0,0,0,0,0,0,0,0,0,0,0,0,0,0,0,0,0,0,0,0,0,0,0,0,0,0,0,0,0,0,0,0,0,0,2023-03-23T14:03:18Z
1067703,0,2.866992,2.547287,2.866723,2.864119,0,0,0,0,0,0,0,0,2.547287,0.997553,32,7,0,0.999188,0.981308,2.735755,8,3,0.98656,0.904762,2.852944,7,0,0.999094,0.728155,2.349661,7,0,0.998186,0.952381,2.727798,0,0,0,0,0,0,0,0,0,0,0,0,0,0,0,0,0,0,0,0,0,0,0,0,0,0,0,0,0,0,0,0,0,0,0,0,0,0,0,0,2023-03-23T14:03:35Z
1079765,2,2.866992,2.547287,2.952059,2.864119,0,0,0,0,0,0,0,0,2.547287,0.996985,32,7,0,0.999188,0.981308,2.737016,8,3,0.98656,0.904762,2.84652,7,1,0.944362,0.740741,2.361064,7,0,0.998186,0.952381,2.729186,0,0,0,0,0,0,0,0,0,0,0,0,0,0,0,0,0,0,0,0,0,0,0,0,0,0,0,0,0,0,0,0,0,0,0,0,0,0,0,0,2023-03-23T14:03:47Z
1098838,1,2.866992,2.438658,2.952059,2.864119,0,0,0,0,0,0,0,0,2.438658,0.994828,32,7,0,0.999188,0.981308,2.739469,8,3,0.944488,0.909091,2.840394,7,1,0.944362,0.740741,2.368691,7,0,0.998186,0.952381,2.731881,0,0,0,0,0,0,0,0,0,0,0,0,0,0,0,0,0,0,0,0,0,0,0,0,0,0,0,0,0,0,0,0,0,0,0,0,0,0,0,0,2023-03-23T14:04:06Z
1100864,3,2.866992,2.438658,2.952059,2.951831,0,0,0,0,0,0,0,0,2.438658,0.994265,32,7,0,0.999188,0.981308,2.739469,8,3,0.944488,0.909091,2.840394,7,1,0.944362,0.740741,2.376167,7,1,0.944289,0.954545,2.73319,0,0,0,0,0,0,0,0,0,0,0,0,0,0,0,0,0,0,0,0,0,0,0,0,0,0,0,0,0,0,0,0,0,0,0,0,0,0,0,0,2023-03-23T14:04:08Z
1117896,0,2.866406,2.438658,2.952059,2.951831,0,0,0,0,0,0,0,0,2.438658,0.994266,32,7,0,0.998983,0.982143,2.741833,8,3,0.944488,0.909091,2.837436,7,1,0.944362,0.740741,2.383496,7,1,0.944289,0.954545,2.736595,0,0,0,0,0,0,0,0,0,0,0,0,0,0,0,0,0,0,0,0,0,0,0,0,0,0,0,0,0,0,0,0,0,0,0,0,0,0,0,0,2023-03-23T14:04:25Z
1129936,2,2.866406,2.438658,2.865565,2.951831,0,0,0,0,0,0,0,0,2.438658,0.994827,32,7,0,0.998983,0.982143,2.742982,8,3,0.944488,0.909091,2.831718,7,0,0.99869,0.752212,2.397734,7,1,0.944289,0.954545,2.739941,0,0,0,0,0,0,0,0,0,0,0,0,0,0,0,0,0,0,0,0,0,0,0,0,0,0,0,0,0,0,0,0,0,0,0,0,0,0,0,0,2023-03-23T14:04:37Z
1149006,1,2.866406,2.467241,2.865565,2.951831,0,0,0,0,0,0,0,0,2.467241,0.995456,32,7,0,0.998983,0.982143,2.745221,8,3,0.955558,0.913043,2.826251,7,0,0.99869,0.752212,2.402609,7,1,0.944289,0.954545,2.746464,0,0,0,0,0,0,0,0,0,0,0,0,0,0,0,0,0,0,0,0,0,0,0,0,0,0,0,0,0,0,0,0,0,0,0,0,0,0,0,0,2023-03-23T14:04:56Z
1151012,3,2.866406,2.467241,2.865565,2.97432,0,0,0,0,0,0,0,0,2.467241,0.995228,32,7,0,0.998983,0.982143,2.745221,8,3,0.955558,0.913043,2.826251,7,0,0.99869,0.752212,2.407384,7,1,0.951483,0.956522,2.749643,0,0,0,0,0,0,0,0,0,0,0,0,0,0,0,0,0,0,0,0,0,0,0,0,0,0,0,0,0,0,0,0,0,0,0,0,0,0,0,0,2023-03-23T14:04:58Z
1168075,0,2.745268,2.467241,2.865565,2.97432,0,0,0,0,0,0,0,0,2.467241,0.99534,32,7,1,0.87821,0.982906,2.747381,8,3,0.955558,0.913043,2.823606,7,0,0.99869,0.752212,2.412063,7,1,0.951483,0.956522,2.752769,0,0,0,0,0,0,0,0,0,0,0,0,0,0,0,0,0,0,0,0,0,0,0,0,0,0,0,0,0,0,0,0,0,0,0,0,0,0,0,0,2023-03-23T14:05:15Z
1180120,2,2.745268,2.467241,2.932519,2.97432,0,0,0,0,0,0,0,0,2.467241,0.994849,32,7,1,0.87821,0.982906,2.750382,8,3,0.955558,0.913043,2.818485,7,1,0.938111,0.762712,2.421142,7,1,0.951483,0.956522,2.755844,0,0,0,0,0,0,0,0,0,0,0,0,0,0,0,0,0,0,0,0,0,0,0,0,0,0,0,0,0,0,0,0,0,0,0,0,0,0,0,0,2023-03-23T14:05:27Z
1199191,1,2.745268,2.425477,2.932519,2.97432,0,0,0,0,0,0,0,0,2.425477,0.993926,32,7,1,0.87821,0.982906,2.756244,8,3,0.939383,0.916667,2.813576,7,1,0.938111,0.762712,2.427506,7,1,0.951483,0.956522,2.761845,0,0,0,0,0,0,0,0,0,0,0,0,0,0,0,0,0,0,0,0,0,0,0,0,0,0,0,0,0,0,0,0,0,0,0,0,0,0,0,0,2023-03-23T14:05:46Z
1201206,3,2.745268,2.425477,2.932519,2.866969,0,0,0,0,0,0,0,0,2.425477,0.99497,32,7,1,0.87821,0.982906,2.756244,8,3,0.939383,0.916667,2.813576,7,1,0.938111,0.762712,2.433757,7,0,0.99918,0.958333,2.764773,0,0,0,0,0,0,0,0,0,0,0,0,0,0,0,0,0,0,0,0,0,0,0,0,0,0,0,0,0,0,0,0,0,0,0,0,0,0,0,0,2023-03-23T14:05:48Z
1218264,0,2.863718,2.425477,2.932519,2.866969,0,0,0,0,0,0,0,0,2.425477,0.994717,32,7,0,0.998047,0.983607,2.761925,8,3,0.939383,0.916667,2.811198,7,1,0.938111,0.762712,2.439896,7,0,0.99918,0.958333,2.76568,0,0,0,0,0,0,0,0,0,0,0,0,0,0,0,0,0,0,0,0,0,0,0,0,0,0,0,0,0,0,0,0,0,0,0,0,0,0,0,0,2023-03-23T14:06:05Z
1230327,2,2.863718,2.425477,3.052478,2.866969,0,0,0,0,0,0,0,0,2.425477,0.993279,32,7,0,0.998047,0.983607,2.762817,8,3,0.939383,0.916667,2.806584,7,1,0.976486,0.772358,2.451855,7,0,0.99918,0.958333,2.766573,0,0,0,0,0,0,0,0,0,0,0,0,0,0,0,0,0,0,0,0,0,0,0,0,0,0,0,0,0,0,0,0,0,0,0,0,0,0,0,0,2023-03-23T14:06:17Z
1249414,1,2.863718,2.456366,3.052478,2.866969,0,0,0,0,0,0,0,0,2.456366,0.99402,32,7,0,0.998047,0.983607,2.764556,8,3,0.951346,0.92,2.802152,7,1,0.976486,0.772358,2.457679,7,0,0.99918,0.958333,2.768312,0,0,0,0,0,0,0,0,0,0,0,0,0,0,0,0,0,0,0,0,0,0,0,0,0,0,0,0,0,0,0,0,0,0,0,0,0,0,0,0,2023-03-23T14:06:36Z
1251431,3,2.863718,2.456366,3.052478,2.941647,0,0,0,0,0,0,0,0,2.456366,0.993706,32,7,0,0.998047,0.983607,2.764556,8,3,0.951346,0.92,2.802152,7,1,0.976486,0.772358,2.463404,7,1,0.941031,0.96,2.76916,0,0,0,0,0,0,0,0,0,0,0,0,0,0,0,0,0,0,0,0,0,0,0,0,0,0,0,0,0,0,0,0,0,0,0,0,0,0,0,0,2023-03-23T14:06:38Z
1268493,0,2.864245,2.456366,3.052478,2.941647,0,0,0,0,0,0,0,0,2.456366,0.993706,32,7,0,0.99823,0.984252,2.766239,8,3,0.951346,0.92,2.800001,7,1,0.976486,0.772358,2.469031,7,1,0.941031,0.96,2.771887,0,0,0,0,0,0,0,0,0,0,0,0,0,0,0,0,0,0,0,0,0,0,0,0,0,0,0,0,0,0,0,0,0,0,0,0,0,0,0,0,2023-03-23T14:06:55Z
1280568,2,2.864245,2.456366,2.855727,2.941647,0,0,0,0,0,0,0,0,2.456366,0.995371,32,7,0,0.99823,0.984252,2.767061,8,3,0.951346,0.92,2.795823,7,1,0.913546,0.78125,2.480003,7,1,0.941031,0.96,2.774573,0,0,0,0,0,0,0,0,0,0,0,0,0,0,0,0,0,0,0,0,0,0,0,0,0,0,0,0,0,0,0,0,0,0,0,0,0,0,0,0,2023-03-23T14:07:08Z
1299623,1,2.864245,2.94258,2.855727,2.941647,0,0,0,0,0,0,0,0,2.855727,0.999799,32,7,0,0.99823,0.984252,2.768665,7,1,0.94133,0.923077,2.791802,7,1,0.913546,0.78125,2.485353,7,1,0.941031,0.96,2.779825,0,0,0,0,0,0,0,0,0,0,0,0,0,0,0,0,0,0,0,0,0,0,0,0,0,0,0,0,0,0,0,0,0,0,0,0,0,0,0,0,2023-03-23T14:07:27Z
1311691,3,2.864245,2.94258,2.855727,1.638884,0,0,0,0,0,0,0,0,1.638884,0.957627,32,7,0,0.99823,0.984252,2.769449,7,1,0.94133,0.923077,2.794377,7,1,0.913546,0.78125,2.495792,8,0,1,0.954198,2.782393,0,0,0,0,0,0,0,0,0,0,0,0,0,0,0,0,0,0,0,0,0,0,0,0,0,0,0,0,0,0,0,0,0,0,0,0,0,0,0,0,2023-03-23T14:07:39Z
1318711,0,2.861335,2.94258,2.855727,1.638884,0,0,0,0,0,0,0,0,1.638884,0.957662,32,7,0,0.997216,0.984848,2.77022,7,1,0.94133,0.923077,2.794377,7,1,0.913546,0.78125,2.495792,8,0,1,0.954198,2.782393,0,0,0,0,0,0,0,0,0,0,0,0,0,0,0,0,0,0,0,0,0,0,0,0,0,0,0,0,0,0,0,0,0,0,0,0,0,0,0,0,2023-03-23T14:07:46Z
1330765,2,2.861335,2.94258,2.867186,1.638884,0,0,0,0,0,0,0,0,1.638884,0.957526,32,7,0,0.997216,0.984848,2.77098,7,1,0.94133,0.923077,2.79941,7,0,0.999255,0.789474,2.505895,8,0,1,0.954198,2.766441,0,0,0,0,0,0,0,0,0,0,0,0,0,0,0,0,0,0,0,0,0,0,0,0,0,0,0,0,0,0,0,0,0,0,0,0,0,0,0,0,2023-03-23T14:07:58Z
1349811,1,2.861335,2.866128,2.867186,1.638884,0,0,0,0,0,0,0,0,1.638884,0.958719,32,7,0,0.997216,0.984848,2.772465,7,0,0.998887,0.925926,2.804293,7,0,0.999255,0.789474,2.509042,8,0,1,0.954198,2.735835,0,0,0,0,0,0,0,0,0,0,0,0,0,0,0,0,0,0,0,0,0,0,0,0,0,0,0,0,0,0,0,0,0,0,0,0,0,0,0,0,2023-03-23T14:08:17Z
1361883,3,2.861335,2.866128,2.867186,1.638884,0,0,0,0,0,0,0,0,1.638884,0.958719,32,7,0,0.997216,0.984848,2.77319,7,0,0.998887,0.925926,2.804819,7,0,0.999255,0.789474,2.515174,8,0,1,0.955882,2.706846,0,0,0,0,0,0,0,0,0,0,0,0,0,0,0,0,0,0,0,0,0,0,0,0,0,0,0,0,0,0,0,0,0,0,0,0,0,0,0,0,2023-03-23T14:08:29Z
1368897,0,2.865969,2.866128,2.867186,1.638884,0,0,0,0,0,0,0,0,1.638884,0.958656,32,7,0,0.998831,0.985401,2.773905,7,0,0.998887,0.925926,2.804819,7,0,0.999255,0.789474,2.515174,8,0,1,0.955882,2.706846,0,0,0,0,0,0,0,0,0,0,0,0,0,0,0,0,0,0,0,0,0,0,0,0,0,0,0,0,0,0,0,0,0,0,0,0,0,0,0,0,2023-03-23T14:08:36Z
1380958,2,2.865969,2.866128,2.867568,1.638884,0,0,0,0,0,0,0,0,1.638884,0.958651,32,7,0,0.998831,0.985401,2.774609,7,0,0.998887,0.925926,2.805844,7,0,0.999389,0.797101,2.521101,8,0,1,0.955882,2.692919,0,0,0,0,0,0,0,0,0,0,0,0,0,0,0,0,0,0,0,0,0,0,0,0,0,0,0,0,0,0,0,0,0,0,0,0,0,0,0,0,2023-03-23T14:08:48Z
1400034,1,2.865969,2.868182,2.867568,1.638884,0,0,0,0,0,0,0,0,1.638884,0.958622,32,7,0,0.998831,0.985401,2.775987,7,0,0.999602,0.928571,2.806838,7,0,0.999389,0.797101,2.523991,8,0,1,0.955882,2.666127,0,0,0,0,0,0,0,0,0,0,0,0,0,0,0,0,0,0,0,0,0,0,0,0,0,0,0,0,0,0,0,0,0,0,0,0,0,0,0,0,2023-03-23T14:09:07Z
1412097,3,2.865969,2.868182,2.867568,2.988318,0,0,0,0,0,0,0,0,2.865969,0.999673,32,7,0,0.998831,0.985401,2.776661,7,0,0.999602,0.928571,2.807323,7,0,0.999389,0.797101,2.529629,7,1,0.955961,0.957447,2.640663,0,0,0,0,0,0,0,0,0,0,0,0,0,0,0,0,0,0,0,0,0,0,0,0,0,0,0,0,0,0,0,0,0,0,0,0,0,0,0,0,2023-03-23T14:09:19Z
1419160,0,2.8655,2.868182,2.867568,2.988318,0,0,0,0,0,0,0,0,2.8655,0.999672,32,7,0,0.998668,0.985915,2.777326,7,0,0.999602,0.928571,2.807323,7,0,0.999389,0.797101,2.529629,7,1,0.955961,0.957447,2.640663,0,0,0,0,0,0,0,0,0,0,0,0,0,0,0,0,0,0,0,0,0,0,0,0,0,0,0,0,0,0,0,0,0,0,0,0,0,0,0,0,2023-03-23T14:09:26Z
1431156,2,2.8655,2.868182,2.862736,2.988318,0,0,0,0,0,0,0,0,2.862736,0.999662,32,7,0,0.998668,0.985915,2.777981,7,0,0.999602,0.928571,2.808271,7,0,0.997704,0.804196,2.535086,7,1,0.955961,0.957447,2.643796,0,0,0,0,0,0,0,0,0,0,0,0,0,0,0,0,0,0,0,0,0,0,0,0,0,0,0,0,0,0,0,0,0,0,0,0,0,0,0,0,2023-03-23T14:09:38Z
1450231,1,2.8655,2.966454,2.862736,2.988318,0,0,0,0,0,0,0,0,2.862736,0.999617,32,7,0,0.998668,0.985915,2.779263,7,1,0.948967,0.931034,2.809191,7,0,0.997704,0.804196,2.537749,7,1,0.955961,0.957447,2.649943,0,0,0,0,0,0,0,0,0,0,0,0,0,0,0,0,0,0,0,0,0,0,0,0,0,0,0,0,0,0,0,0,0,0,0,0,0,0,0,0,2023-03-23T14:09:57Z
1462273,3,2.8655,2.966454,2.862736,2.483406,0,0,0,0,0,0,0,0,2.483406,0.995664,32,7,0,0.998668,0.985915,2.779891,7,1,0.948967,0.931034,2.811366,7,0,0.997704,0.804196,2.54295,8,3,0.961819,0.958904,2.655935,0,0,0,0,0,0,0,0,0,0,0,0,0,0,0,0,0,0,0,0,0,0,0,0,0,0,0,0,0,0,0,0,0,0,0,0,0,0,0,0,2023-03-23T14:10:09Z
1469291,0,3.002433,2.966454,2.862736,2.483406,0,0,0,0,0,0,0,0,2.483406,0.994731,32,7,1,0.960477,0.986395,2.78051,7,1,0.948967,0.931034,2.811366,7,0,0.997704,0.804196,2.54295,8,3,0.961819,0.958904,2.655935,0,0,0,0,0,0,0,0,0,0,0,0,0,0,0,0,0,0,0,0,0,0,0,0,0,0,0,0,0,0,0,0,0,0,0,0,0,0,0,0,2023-03-23T14:10:16Z
1481337,2,3.002433,2.966454,2.933292,2.483406,0,0,0,0,0,0,0,0,2.483406,0.994535,32,7,1,0.960477,0.986395,2.782691,7,1,0.948967,0.931034,2.815627,7,1,0.938358,0.810811,2.54799,8,3,0.961819,0.958904,2.655935,0,0,0,0,0,0,0,0,0,0,0,0,0,0,0,0,0,0,0,0,0,0,0,0,0,0,0,0,0,0,0,0,0,0,0,0,0,0,0,0,2023-03-23T14:10:28Z
1500438,1,3.002433,2.980357,2.933292,2.483406,0,0,0,0,0,0,0,0,2.483406,0.994442,32,7,1,0.960477,0.986395,2.786971,7,1,0.953415,0.933333,2.819774,7,1,0.938358,0.810811,2.552058,8,3,0.961819,0.958904,2.655935,0,0,0,0,0,0,0,0,0,0,0,0,0,0,0,0,0,0,0,0,0,0,0,0,0,0,0,0,0,0,0,0,0,0,0,0,0,0,0,0,2023-03-23T14:10:47Z
1519494,0,2.412498,2.980357,2.933292,2.483406,0,0,0,0,0,0,0,0,2.412498,0.991091,32,8,3,0.934356,0.986842,2.791147,7,1,0.953415,0.933333,2.821807,7,1,0.938358,0.810811,2.560024,8,3,0.961819,0.958904,2.654825,0,0,0,0,0,0,0,0,0,0,0,0,0,0,0,0,0,0,0,0,0,0,0,0,0,0,0,0,0,0,0,0,0,0,0,0,0,0,0,0,2023-03-23T14:11:06Z
1531543,2,2.412498,2.980357,2.93925,2.483406,0,0,0,0,0,0,0,0,2.412498,0.991008,32,8,3,0.934356,0.986842,2.789599,7,1,0.953415,0.933333,2.825792,7,1,0.940264,0.816993,2.567773,8,3,0.961819,0.958904,2.654283,0,0,0,0,0,0,0,0,0,0,0,0,0,0,0,0,0,0,0,0,0,0,0,0,0,0,0,0,0,0,0,0,0,0,0,0,0,0,0,0,2023-03-23T14:11:18Z
1542599,3,2.412498,2.980357,2.93925,2.383695,0,0,0,0,0,0,0,0,2.383695,0.989086,32,8,3,0.934356,0.986842,2.788074,7,1,0.953415,0.933333,2.827745,7,1,0.940264,0.816993,2.571568,8,3,0.923201,0.941558,2.653221,0,0,0,0,0,0,0,0,0,0,0,0,0,0,0,0,0,0,0,0,0,0,0,0,0,0,0,0,0,0,0,0,0,0,0,0,0,0,0,0,2023-03-23T14:11:30Z
1550638,1,2.412498,3.015649,2.93925,2.383695,0,0,0,0,0,0,0,0,2.383695,0.988405,32,8,3,0.934356,0.986842,2.786571,7,1,0.964704,0.935484,2.829674,7,1,0.940264,0.816993,2.571568,8,3,0.923201,0.941558,2.653221,0,0,0,0,0,0,0,0,0,0,0,0,0,0,0,0,0,0,0,0,0,0,0,0,0,0,0,0,0,0,0,0,0,0,0,0,0,0,0,0,2023-03-23T14:11:38Z
1569712,0,2.528225,3.015649,2.93925,2.383695,0,0,0,0,0,0,0,0,2.383695,0.990428,32,8,3,0.979177,0.987261,2.78363,7,1,0.964704,0.935484,2.831577,7,1,0.940264,0.816993,2.579005,8,3,0.923201,0.941558,2.652191,0,0,0,0,0,0,0,0,0,0,0,0,0,0,0,0,0,0,0,0,0,0,0,0,0,0,0,0,0,0,0,0,0,0,0,0,0,0,0,0,2023-03-23T14:11:57Z
1581760,2,2.528225,3.015649,2.49351,2.383695,0,0,0,0,0,0,0,0,2.383695,0.991385,32,8,3,0.979177,0.987261,2.782191,7,1,0.964704,0.935484,2.833457,8,3,0.965732,0.822785,2.586246,8,3,0.923201,0.941558,2.651687,0,0,0,0,0,0,0,0,0,0,0,0,0,0,0,0,0,0,0,0,0,0,0,0,0,0,0,0,0,0,0,0,0,0,0,0,0,0,0,0,2023-03-23T14:12:09Z
1592836,3,2.528225,3.015649,2.49351,1.674815,0,0,0,0,0,0,0,0,1.674815,0.962178,32,8,3,0.979177,0.987261,2.780773,7,1,0.964704,0.935484,2.835312,8,3,0.965732,0.822785,2.586212,9,5,0.999147,0.943396,2.6507,0,0,0,0,0,0,0,0,0,0,0,0,0,0,0,0,0,0,0,0,0,0,0,0,0,0,0,0,0,0,0,0,0,0,0,0,0,0,0,0,2023-03-23T14:12:20Z
1610883,1,2.528225,3.005811,2.49351,1.674815,0,0,0,0,0,0,0,0,1.674815,0.962557,32,8,3,0.979177,0.987261,2.777995,7,1,0.961557,0.931677,2.838953,8,3,0.965732,0.822785,2.586179,9,5,0.999147,0.943396,2.640187,0,0,0,0,0,0,0,0,0,0,0,0,0,0,0,0,0,0,0,0,0,0,0,0,0,0,0,0,0,0,0,0,0,0,0,0,0,0,0,0,2023-03-23T14:12:38Z
1619916,0,2.868855,3.005811,2.49351,1.674815,0,0,0,0,0,0,0,0,1.674815,0.959205,32,7,0,0.999837,0.987654,2.776635,7,1,0.961557,0.931677,2.838953,8,3,0.965732,0.822785,2.586146,9,5,0.999147,0.943396,2.629899,0,0,0,0,0,0,0,0,0,0,0,0,0,0,0,0,0,0,0,0,0,0,0,0,0,0,0,0,0,0,0,0,0,0,0,0,0,0,0,0,2023-03-23T14:12:47Z
1631976,2,2.868855,3.005811,2.447314,1.674815,0,0,0,0,0,0,0,0,1.674815,0.958725,32,7,0,0.999837,0.987654,2.77721,7,1,0.961557,0.931677,2.842504,8,3,0.947841,0.828221,2.586082,9,5,0.999147,0.943396,2.619828,0,0,0,0,0,0,0,0,0,0,0,0,0,0,0,0,0,0,0,0,0,0,0,0,0,0,0,0,0,0,0,0,0,0,0,0,0,0,0,0,2023-03-23T14:12:59Z
1643044,3,2.868855,3.005811,2.447314,1.557651,0,0,0,0,0,0,0,0,1.557651,0.950193,32,7,0,0.999837,0.987654,2.777778,7,1,0.961557,0.931677,2.844247,8,3,0.947841,0.828221,2.586051,9,6,0.873495,0.945122,2.600312,0,0,0,0,0,0,0,0,0,0,0,0,0,0,0,0,0,0,0,0,0,0,0,0,0,0,0,0,0,0,0,0,0,0,0,0,0,0,0,0,2023-03-23T14:13:10Z
1670160,0,2.868187,3.005811,2.447314,1.557651,0,0,0,0,0,0,0,0,1.557651,0.950207,32,7,0,0.999604,0.988024,2.779441,7,1,0.961557,0.931677,2.845968,8,3,0.947841,0.828221,2.585989,9,6,0.873495,0.945122,2.584729,0,0,0,0,0,0,0,0,0,0,0,0,0,0,0,0,0,0,0,0,0,0,0,0,0,0,0,0,0,0,0,0,0,0,0,0,0,0,0,0,2023-03-23T14:13:37Z
1671172,1,2.868187,3.039181,2.447314,1.557651,0,0,0,0,0,0,0,0,1.557651,0.94918,32,7,0,0.999604,0.988024,2.779441,7,1,0.972232,0.928144,2.847669,8,3,0.947841,0.828221,2.585989,9,6,0.873495,0.945122,2.584729,0,0,0,0,0,0,0,0,0,0,0,0,0,0,0,0,0,0,0,0,0,0,0,0,0,0,0,0,0,0,0,0,0,0,0,0,0,0,0,0,2023-03-23T14:13:38Z
1682232,2,2.868187,3.039181,2.779872,1.557651,0,0,0,0,0,0,0,0,1.557651,0.950117,32,7,0,0.999604,0.988024,2.779982,7,1,0.972232,0.928144,2.849349,7,1,0.88928,0.833333,2.58593,9,6,0.873495,0.945122,2.577158,0,0,0,0,0,0,0,0,0,0,0,0,0,0,0,0,0,0,0,0,0,0,0,0,0,0,0,0,0,0,0,0,0,0,0,0,0,0,0,0,2023-03-23T14:13:49Z
1693297,3,2.868187,3.039181,2.779872,1.507197,0,0,0,0,0,0,0,0,1.507197,0.946079,32,7,0,0.999604,0.988024,2.780516,7,1,0.972232,0.928144,2.851009,7,1,0.88928,0.833333,2.589219,9,4,0.999855,0.946746,2.562438,0,0,0,0,0,0,0,0,0,0,0,0,0,0,0,0,0,0,0,0,0,0,0,0,0,0,0,0,0,0,0,0,0,0,0,0,0,0,0,0,2023-03-23T14:14:00Z
1720408,0,2.865679,3.039181,2.779872,1.507197,0,0,0,0,0,0,0,0,1.507197,0.946109,32,7,0,0.99873,0.988372,2.782082,7,1,0.972232,0.928144,2.852649,7,1,0.88928,0.833333,2.595679,9,4,0.999855,0.946746,2.539793,0,0,0,0,0,0,0,0,0,0,0,0,0,0,0,0,0,0,0,0,0,0,0,0,0,0,0,0,0,0,0,0,0,0,0,0,0,0,0,0,2023-03-23T14:14:27Z
1731475,1,2.865679,2.981152,2.779872,1.507197,0,0,0,0,0,0,0,0,1.507197,0.947424,32,7,0,0.99873,0.988372,2.782592,7,1,0.953669,0.924855,2.855871,7,1,0.88928,0.833333,2.59885,9,4,0.999855,0.946746,2.528832,0,0,0,0,0,0,0,0,0,0,0,0,0,0,0,0,0,0,0,0,0,0,0,0,0,0,0,0,0,0,0,0,0,0,0,0,0,0,0,0,2023-03-23T14:14:38Z
1732482,2,2.865679,2.981152,2.990946,1.507197,0,0,0,0,0,0,0,0,1.507197,0.944833,32,7,0,0.99873,0.988372,2.782592,7,1,0.953669,0.924855,2.855871,7,1,0.956802,0.83815,2.601985,9,4,0.999855,0.946746,2.528832,0,0,0,0,0,0,0,0,0,0,0,0,0,0,0,0,0,0,0,0,0,0,0,0,0,0,0,0,0,0,0,0,0,0,0,0,0,0,0,0,2023-03-23T14:14:39Z
1743534,3,2.865679,2.981152,2.990946,1.668847,0,0,0,0,0,0,0,0,1.668847,0.957236,32,7,0,0.99873,0.988372,2.783095,7,1,0.953669,0.924855,2.855871,7,1,0.956802,0.83815,2.605082,9,5,0.995587,0.948276,2.507593,0,0,0,0,0,0,0,0,0,0,0,0,0,0,0,0,0,0,0,0,0,0,0,0,0,0,0,0,0,0,0,0,0,0,0,0,0,0,0,0,2023-03-23T14:14:50Z
1770647,0,2.865531,2.981152,2.990946,1.668847,0,0,0,0,0,0,0,0,1.668847,0.957237,32,7,0,0.998679,0.988701,2.784572,7,1,0.953669,0.924855,2.859018,7,1,0.956802,0.83815,2.611167,9,5,0.995587,0.948276,2.492332,0,0,0,0,0,0,0,0,0,0,0,0,0,0,0,0,0,0,0,0,0,0,0,0,0,0,0,0,0,0,0,0,0,0,0,0,0,0,0,0,2023-03-23T14:15:18Z
1782712,2,2.865531,2.981152,2.839084,1.668847,0,0,0,0,0,0,0,0,1.668847,0.959223,32,7,0,0.998679,0.988701,2.785053,7,1,0.953669,0.924855,2.862093,7,1,0.908221,0.842697,2.617112,9,5,0.995587,0.948276,2.48491,0,0,0,0,0,0,0,0,0,0,0,0,0,0,0,0,0,0,0,0,0,0,0,0,0,0,0,0,0,0,0,0,0,0,0,0,0,0,0,0,2023-03-23T14:15:30Z
1791749,1,2.865531,2.547152,2.839084,2.869534,0,0,0,0,0,0,0,0,2.869534,0.9632,32,7,0,0.998679,0.988701,2.785529,8,3,0.986508,0.921788,2.863603,7,1,0.908221,0.842697,2.617112,8,5,0.995587,0.948276,2.477622,0,0,0,0,0,0,0,0,0,0,0,0,0,0,0,0,0,0,0,0,0,0,0,0,0,0,0,0,0,0,0,0,0,0,0,0,0,0,0,0,2023-03-23T14:15:39Z
1793772,3,2.865531,2.547152,2.839084,2.869534,0,0,0,0,0,0,0,0,2.06606448,0.96306,32,7,0,0.998679,0.988701,2.785529,8,3,0.986508,0.921788,2.863603,7,1,0.908221,0.842697,2.620033,8,5,0.994369,0.949721,2.470464,0,0,0,0,0,0,0,0,0,0,0,0,0,0,0,0,0,0,0,0,0,0,0,0,0,0,0,0,0,0,0,0,0,0,0,0,0,0,0,0,2023-03-23T14:15:41Z
